address,propertyType,images,hasFloorPlan,location,detailUrl,bedrooms,displayPrice,dateSold,tenure,newBuild,numericPrice,address_1,address_2,number,postcode,prefix
"First Floor Flat, 42, Parma Crescent, London, Greater London SW11 1LT",Flat,"{'imageUrl': '/spw/images/placeholder/no-image.svg', 'mediumImageUrl': '/spw/images/placeholder/no-image.svg', 'count': 0}",False,"{'lat': 51.46221, 'lng': -0.16476}",https://www.rightmove.co.uk/house-prices/details/england-20995087?s=d93366e0b833b0352b4b2d863caa6beaa56fff11e4570403b0c43a7c3d49e6d2,,"£700,000",30 Apr 2024,Leasehold,False,700000,Parma Crescent,London,42,SW11 1LT,First Floor Flat
"43, Parma Crescent, London, Greater London SW11 1LT",Terraced,"{'imageUrl': 'https://media.rightmove.co.uk/dir/90k/89369/143303726/89369_BAS230393_IMG_00_0000_max_135x100.jpeg', 'mediumImageUrl': 'https://media.rightmove.co.uk/dir/90k/89369/143303726/89369_BAS230393_IMG_00_0000_max_296x197.jpeg', 'count': 20}",True,"{'lat': 51.46221, 'lng': -0.16476}",https://www.rightmove.co.uk/house-prices/details/england-143303726-21271186?s=ba56305f405372700256ea673114406502bb71c692ee78c7cf6293e25539d034,4.0,"£1,495,000",22 Mar 2024,Freehold,False,1495000,Parma Crescent,London,43,SW11 1LT,
"43, Parma Crescent, London, Greater London SW11 1LT",Terraced,"{'imageUrl': 'https://media.rightmove.co.uk/dir/90k/89369/143303726/89369_BAS230393_IMG_00_0000_max_135x100.jpeg', 'mediumImageUrl': 'https://media.rightmove.co.uk/dir/90k/89369/143303726/89369_BAS230393_IMG_00_0000_max_296x197.jpeg', 'count': 20}",True,"{'lat': 51.46221, 'lng': -0.16476}",https://www.rightmove.co.uk/house-prices/details/england-143303726-21271186?s=ba56305f405372700256ea673114406502bb71c692ee78c7cf6293e25539d034,4.0,"£901,000",15 Jun 2007,Freehold,False,901000,Parma Crescent,London,43,SW11 1LT,
"43, Parma Crescent, London, Greater London SW11 1LT",Terraced,"{'imageUrl': 'https://media.rightmove.co.uk/dir/90k/89369/143303726/89369_BAS230393_IMG_00_0000_max_135x100.jpeg', 'mediumImageUrl': 'https://media.rightmove.co.uk/dir/90k/89369/143303726/89369_BAS230393_IMG_00_0000_max_296x197.jpeg', 'count': 20}",True,"{'lat': 51.46221, 'lng': -0.16476}",https://www.rightmove.co.uk/house-prices/details/england-143303726-21271186?s=ba56305f405372700256ea673114406502bb71c692ee78c7cf6293e25539d034,4.0,"£550,000",7 Apr 2003,Freehold,False,550000,Parma Crescent,London,43,SW11 1LT,
"43, Parma Crescent, London, Greater London SW11 1LT",Terraced,"{'imageUrl': 'https://media.rightmove.co.uk/dir/90k/89369/143303726/89369_BAS230393_IMG_00_0000_max_135x100.jpeg', 'mediumImageUrl': 'https://media.rightmove.co.uk/dir/90k/89369/143303726/89369_BAS230393_IMG_00_0000_max_296x197.jpeg', 'count': 20}",True,"{'lat': 51.46221, 'lng': -0.16476}",https://www.rightmove.co.uk/house-prices/details/england-143303726-21271186?s=ba56305f405372700256ea673114406502bb71c692ee78c7cf6293e25539d034,4.0,"£235,000",20 Apr 1999,Freehold,False,235000,Parma Crescent,London,43,SW11 1LT,
"39, Parma Crescent, London, Greater London SW11 1LT",Terraced,"{'imageUrl': 'https://media.rightmove.co.uk/dir/101k/100852/121373438/100852_NDR220035_IMG_00_0000_max_135x100.jpeg', 'mediumImageUrl': 'https://media.rightmove.co.uk/dir/101k/100852/121373438/100852_NDR220035_IMG_00_0000_max_296x197.jpeg', 'count': 11}",True,"{'lat': 51.46221, 'lng': -0.16476}",https://www.rightmove.co.uk/house-prices/details/england-121373438-19761991?s=b6b9dcce22d565a2651f3626dc0a49d02d297a883677853f63bf7bd3ca7f7cb7,4.0,"£1,350,000",10 Jun 2022,Freehold,False,1350000,Parma Crescent,London,39,SW11 1LT,
"17, Parma Crescent, London, Greater London SW11 1LT",Terraced,"{'imageUrl': 'https://media.rightmove.co.uk/dir/90k/89369/119493995/89369_BAS180285_IMG_00_0000_max_135x100.jpeg', 'mediumImageUrl': 'https://media.rightmove.co.uk/dir/90k/89369/119493995/89369_BAS180285_IMG_00_0000_max_296x197.jpeg', 'count': 14}",True,"{'lat': 51.46221, 'lng': -0.16476}",https://www.rightmove.co.uk/house-prices/details/england-119493995-16031521?s=cc21350eb4eb08f57cb422763464ae381b0fbea31230f9da97f6adf38b214dbd,4.0,"£1,604,000",10 May 2022,Freehold,False,1604000,Parma Crescent,London,17,SW11 1LT,
"17, Parma Crescent, London, Greater London SW11 1LT",Terraced,"{'imageUrl': 'https://media.rightmove.co.uk/dir/90k/89369/119493995/89369_BAS180285_IMG_00_0000_max_135x100.jpeg', 'mediumImageUrl': 'https://media.rightmove.co.uk/dir/90k/89369/119493995/89369_BAS180285_IMG_00_0000_max_296x197.jpeg', 'count': 14}",True,"{'lat': 51.46221, 'lng': -0.16476}",https://www.rightmove.co.uk/house-prices/details/england-119493995-16031521?s=cc21350eb4eb08f57cb422763464ae381b0fbea31230f9da97f6adf38b214dbd,4.0,"£999,999",2 Aug 2012,Freehold,False,999999,Parma Crescent,London,17,SW11 1LT,
"17, Parma Crescent, London, Greater London SW11 1LT",Terraced,"{'imageUrl': 'https://media.rightmove.co.uk/dir/90k/89369/119493995/89369_BAS180285_IMG_00_0000_max_135x100.jpeg', 'mediumImageUrl': 'https://media.rightmove.co.uk/dir/90k/89369/119493995/89369_BAS180285_IMG_00_0000_max_296x197.jpeg', 'count': 14}",True,"{'lat': 51.46221, 'lng': -0.16476}",https://www.rightmove.co.uk/house-prices/details/england-119493995-16031521?s=cc21350eb4eb08f57cb422763464ae381b0fbea31230f9da97f6adf38b214dbd,4.0,"£637,500",28 Oct 2005,Freehold,False,637500,Parma Crescent,London,17,SW11 1LT,
"17, Parma Crescent, London, Greater London SW11 1LT",Terraced,"{'imageUrl': 'https://media.rightmove.co.uk/dir/90k/89369/119493995/89369_BAS180285_IMG_00_0000_max_135x100.jpeg', 'mediumImageUrl': 'https://media.rightmove.co.uk/dir/90k/89369/119493995/89369_BAS180285_IMG_00_0000_max_296x197.jpeg', 'count': 14}",True,"{'lat': 51.46221, 'lng': -0.16476}",https://www.rightmove.co.uk/house-prices/details/england-119493995-16031521?s=cc21350eb4eb08f57cb422763464ae381b0fbea31230f9da97f6adf38b214dbd,4.0,"£415,000",29 Jun 2001,Freehold,False,415000,Parma Crescent,London,17,SW11 1LT,
"21, Parma Crescent, London, Greater London SW11 1LT",Terraced,"{'imageUrl': 'https://media.rightmove.co.uk/dir/44k/43346/118415684/43346_20478343_IMG_00_0000_max_135x100.jpeg', 'mediumImageUrl': 'https://media.rightmove.co.uk/dir/44k/43346/118415684/43346_20478343_IMG_00_0000_max_296x197.jpeg', 'count': 11}",True,"{'lat': 51.46221, 'lng': -0.16476}",https://www.rightmove.co.uk/house-prices/details/england-118415684-93122907?s=2ff176062cc3e2edd6fd22fedbee5cf1564fb6606b8fad9b6b6eccaf01b03dbf,4.0,"£1,460,000",28 Mar 2022,Freehold,False,1460000,Parma Crescent,London,21,SW11 1LT,
"21, Parma Crescent, London, Greater London SW11 1LT",Terraced,"{'imageUrl': 'https://media.rightmove.co.uk/dir/44k/43346/118415684/43346_20478343_IMG_00_0000_max_135x100.jpeg', 'mediumImageUrl': 'https://media.rightmove.co.uk/dir/44k/43346/118415684/43346_20478343_IMG_00_0000_max_296x197.jpeg', 'count': 11}",True,"{'lat': 51.46221, 'lng': -0.16476}",https://www.rightmove.co.uk/house-prices/details/england-118415684-93122907?s=2ff176062cc3e2edd6fd22fedbee5cf1564fb6606b8fad9b6b6eccaf01b03dbf,4.0,"£905,000",9 May 2008,Freehold,False,905000,Parma Crescent,London,21,SW11 1LT,
"21, Parma Crescent, London, Greater London SW11 1LT",Terraced,"{'imageUrl': 'https://media.rightmove.co.uk/dir/44k/43346/118415684/43346_20478343_IMG_00_0000_max_135x100.jpeg', 'mediumImageUrl': 'https://media.rightmove.co.uk/dir/44k/43346/118415684/43346_20478343_IMG_00_0000_max_296x197.jpeg', 'count': 11}",True,"{'lat': 51.46221, 'lng': -0.16476}",https://www.rightmove.co.uk/house-prices/details/england-118415684-93122907?s=2ff176062cc3e2edd6fd22fedbee5cf1564fb6606b8fad9b6b6eccaf01b03dbf,4.0,"£526,000",25 Oct 2004,Freehold,False,526000,Parma Crescent,London,21,SW11 1LT,
"52, Parma Crescent, London, Greater London SW11 1LT",Terraced,"{'imageUrl': 'https://media.rightmove.co.uk/dir/56k/55345/113450882/55345_2251323_IMG_00_0000_max_135x100.jpeg', 'mediumImageUrl': 'https://media.rightmove.co.uk/dir/56k/55345/113450882/55345_2251323_IMG_00_0000_max_296x197.jpeg', 'count': 16}",True,"{'lat': 51.4623, 'lng': -0.1649}",https://www.rightmove.co.uk/house-prices/details/england-113450882-14461222?s=42462807248def6a3df45387f186f345ce84bad72347e1a0c31e8871002c47aa,3.0,"£1,175,000",3 Dec 2021,Freehold,False,1175000,Parma Crescent,London,52,SW11 1LT,
"52, Parma Crescent, London, Greater London SW11 1LT",Terraced,"{'imageUrl': 'https://media.rightmove.co.uk/dir/56k/55345/113450882/55345_2251323_IMG_00_0000_max_135x100.jpeg', 'mediumImageUrl': 'https://media.rightmove.co.uk/dir/56k/55345/113450882/55345_2251323_IMG_00_0000_max_296x197.jpeg', 'count': 16}",True,"{'lat': 51.4623, 'lng': -0.1649}",https://www.rightmove.co.uk/house-prices/details/england-113450882-14461222?s=42462807248def6a3df45387f186f345ce84bad72347e1a0c31e8871002c47aa,3.0,"£164,000",18 Sep 1995,Freehold,False,164000,Parma Crescent,London,52,SW11 1LT,
"33, Parma Crescent, London, Greater London SW11 1LT",Terraced,"{'imageUrl': 'https://media.rightmove.co.uk/dir/49k/48862/104193062/48862_BTS210037_IMG_00_0000_max_135x100.jpeg', 'mediumImageUrl': 'https://media.rightmove.co.uk/dir/49k/48862/104193062/48862_BTS210037_IMG_00_0000_max_296x197.jpeg', 'count': 6}",True,"{'lat': 51.4623, 'lng': -0.1649}",https://www.rightmove.co.uk/house-prices/details/england-104193062-14461219?s=646f7010d384bc72190b64f863df54265d3bd4294b08204b03a6e699592aff20,4.0,"£1,275,000",30 Jun 2021,Freehold,False,1275000,Parma Crescent,London,33,SW11 1LT,
"33, Parma Crescent, London, Greater London SW11 1LT",Terraced,"{'imageUrl': 'https://media.rightmove.co.uk/dir/49k/48862/104193062/48862_BTS210037_IMG_00_0000_max_135x100.jpeg', 'mediumImageUrl': 'https://media.rightmove.co.uk/dir/49k/48862/104193062/48862_BTS210037_IMG_00_0000_max_296x197.jpeg', 'count': 6}",True,"{'lat': 51.4623, 'lng': -0.1649}",https://www.rightmove.co.uk/house-prices/details/england-104193062-14461219?s=646f7010d384bc72190b64f863df54265d3bd4294b08204b03a6e699592aff20,4.0,"£417,500",22 Mar 2002,Freehold,False,417500,Parma Crescent,London,33,SW11 1LT,
"33, Parma Crescent, London, Greater London SW11 1LT",Terraced,"{'imageUrl': 'https://media.rightmove.co.uk/dir/49k/48862/104193062/48862_BTS210037_IMG_00_0000_max_135x100.jpeg', 'mediumImageUrl': 'https://media.rightmove.co.uk/dir/49k/48862/104193062/48862_BTS210037_IMG_00_0000_max_296x197.jpeg', 'count': 6}",True,"{'lat': 51.4623, 'lng': -0.1649}",https://www.rightmove.co.uk/house-prices/details/england-104193062-14461219?s=646f7010d384bc72190b64f863df54265d3bd4294b08204b03a6e699592aff20,4.0,"£169,950",3 Jun 1996,Freehold,False,169950,Parma Crescent,London,33,SW11 1LT,
"Ground Floor Flat, 37, Parma Crescent, London, Greater London SW11 1LT",Flat,"{'imageUrl': 'https://media.rightmove.co.uk/dir/97k/96557/44324310/96557_448216_IMG_01_0001_max_135x100.jpg', 'mediumImageUrl': 'https://media.rightmove.co.uk/dir/97k/96557/44324310/96557_448216_IMG_01_0001_max_296x197.jpg', 'count': 6}",False,"{'lat': 51.4623, 'lng': -0.1649}",https://www.rightmove.co.uk/house-prices/details/england-44324310-13769983?s=f8b7bd91a8a0145a25ee6478f103013f6b6b3e43a529bfce4a4dd4d8707ca1ad,2.0,"£658,051",21 Jun 2021,Leasehold,False,658051,Parma Crescent,London,37,SW11 1LT,Ground Floor Flat
"Ground Floor Flat, 37, Parma Crescent, London, Greater London SW11 1LT",Flat,"{'imageUrl': 'https://media.rightmove.co.uk/dir/97k/96557/44324310/96557_448216_IMG_01_0001_max_135x100.jpg', 'mediumImageUrl': 'https://media.rightmove.co.uk/dir/97k/96557/44324310/96557_448216_IMG_01_0001_max_296x197.jpg', 'count': 6}",False,"{'lat': 51.4623, 'lng': -0.1649}",https://www.rightmove.co.uk/house-prices/details/england-44324310-13769983?s=f8b7bd91a8a0145a25ee6478f103013f6b6b3e43a529bfce4a4dd4d8707ca1ad,2.0,"£500,000",28 Mar 2013,Leasehold,False,500000,Parma Crescent,London,37,SW11 1LT,Ground Floor Flat
"Ground Floor Flat, 37, Parma Crescent, London, Greater London SW11 1LT",Flat,"{'imageUrl': 'https://media.rightmove.co.uk/dir/97k/96557/44324310/96557_448216_IMG_01_0001_max_135x100.jpg', 'mediumImageUrl': 'https://media.rightmove.co.uk/dir/97k/96557/44324310/96557_448216_IMG_01_0001_max_296x197.jpg', 'count': 6}",False,"{'lat': 51.4623, 'lng': -0.1649}",https://www.rightmove.co.uk/house-prices/details/england-44324310-13769983?s=f8b7bd91a8a0145a25ee6478f103013f6b6b3e43a529bfce4a4dd4d8707ca1ad,2.0,"£244,000",13 Jun 2002,Leasehold,False,244000,Parma Crescent,London,37,SW11 1LT,Ground Floor Flat
"Flat 2, 46, Parma Crescent, London, Greater London SW11 1LT",Flat,"{'imageUrl': '/spw/images/placeholder/no-image.svg', 'mediumImageUrl': '/spw/images/placeholder/no-image.svg', 'count': 0}",False,"{'lat': 51.4623, 'lng': -0.1649}",https://www.rightmove.co.uk/house-prices/details/england-13042588?s=a8b18dd7328b580c464a2242b9cc2bb138a1d0b791b78818268d605c6b4ad335,,"£875,000",16 Apr 2021,Leasehold,False,875000,Parma Crescent,London,46,SW11 1LT,Flat 2
"Flat 2, 46, Parma Crescent, London, Greater London SW11 1LT",Flat,"{'imageUrl': '/spw/images/placeholder/no-image.svg', 'mediumImageUrl': '/spw/images/placeholder/no-image.svg', 'count': 0}",False,"{'lat': 51.4623, 'lng': -0.1649}",https://www.rightmove.co.uk/house-prices/details/england-13042588?s=a8b18dd7328b580c464a2242b9cc2bb138a1d0b791b78818268d605c6b4ad335,,"£599,000",25 Jul 2011,Leasehold,False,599000,Parma Crescent,London,46,SW11 1LT,Flat 2
"Flat 2, 46, Parma Crescent, London, Greater London SW11 1LT",Flat,"{'imageUrl': '/spw/images/placeholder/no-image.svg', 'mediumImageUrl': '/spw/images/placeholder/no-image.svg', 'count': 0}",False,"{'lat': 51.4623, 'lng': -0.1649}",https://www.rightmove.co.uk/house-prices/details/england-13042588?s=a8b18dd7328b580c464a2242b9cc2bb138a1d0b791b78818268d605c6b4ad335,,"£356,500",23 Feb 2009,Leasehold,False,356500,Parma Crescent,London,46,SW11 1LT,Flat 2
"Flat 2, 46, Parma Crescent, London, Greater London SW11 1LT",Flat,"{'imageUrl': '/spw/images/placeholder/no-image.svg', 'mediumImageUrl': '/spw/images/placeholder/no-image.svg', 'count': 0}",False,"{'lat': 51.4623, 'lng': -0.1649}",https://www.rightmove.co.uk/house-prices/details/england-13042588?s=a8b18dd7328b580c464a2242b9cc2bb138a1d0b791b78818268d605c6b4ad335,,"£278,000",29 Jun 2001,Leasehold,False,278000,Parma Crescent,London,46,SW11 1LT,Flat 2
"Flat 2, 46, Parma Crescent, London, Greater London SW11 1LT",Flat,"{'imageUrl': '/spw/images/placeholder/no-image.svg', 'mediumImageUrl': '/spw/images/placeholder/no-image.svg', 'count': 0}",False,"{'lat': 51.4623, 'lng': -0.1649}",https://www.rightmove.co.uk/house-prices/details/england-13042588?s=a8b18dd7328b580c464a2242b9cc2bb138a1d0b791b78818268d605c6b4ad335,,"£182,000",5 Jun 1998,Leasehold,False,182000,Parma Crescent,London,46,SW11 1LT,Flat 2
"Upper Maisonette At, 29, Parma Crescent, London, Greater London SW11 1LT",Flat,"{'imageUrl': 'https://media.rightmove.co.uk/dir/192k/191324/97050581/191324_29984628_IMG_01_0000_max_135x100.jpg', 'mediumImageUrl': 'https://media.rightmove.co.uk/dir/192k/191324/97050581/191324_29984628_IMG_01_0000_max_296x197.jpg', 'count': 12}",True,"{'lat': 51.4623, 'lng': -0.1649}",https://www.rightmove.co.uk/house-prices/details/england-97050581-12205171?s=16067675d7387a90be9733fe2ad5fc5a5e639e1745b687c0d1cd83114d558cee,2.0,"£730,510",12 Feb 2021,Leasehold,False,730510,Parma Crescent,London,29,SW11 1LT,Upper Maisonette At
"Upper Maisonette At, 29, Parma Crescent, London, Greater London SW11 1LT",Flat,"{'imageUrl': 'https://media.rightmove.co.uk/dir/192k/191324/97050581/191324_29984628_IMG_01_0000_max_135x100.jpg', 'mediumImageUrl': 'https://media.rightmove.co.uk/dir/192k/191324/97050581/191324_29984628_IMG_01_0000_max_296x197.jpg', 'count': 12}",True,"{'lat': 51.4623, 'lng': -0.1649}",https://www.rightmove.co.uk/house-prices/details/england-97050581-12205171?s=16067675d7387a90be9733fe2ad5fc5a5e639e1745b687c0d1cd83114d558cee,2.0,"£750,000",30 Jun 2014,Leasehold,False,750000,Parma Crescent,London,29,SW11 1LT,Upper Maisonette At
"Upper Maisonette At, 29, Parma Crescent, London, Greater London SW11 1LT",Flat,"{'imageUrl': 'https://media.rightmove.co.uk/dir/192k/191324/97050581/191324_29984628_IMG_01_0000_max_135x100.jpg', 'mediumImageUrl': 'https://media.rightmove.co.uk/dir/192k/191324/97050581/191324_29984628_IMG_01_0000_max_296x197.jpg', 'count': 12}",True,"{'lat': 51.4623, 'lng': -0.1649}",https://www.rightmove.co.uk/house-prices/details/england-97050581-12205171?s=16067675d7387a90be9733fe2ad5fc5a5e639e1745b687c0d1cd83114d558cee,2.0,"£297,500",6 Jul 2005,Leasehold,False,297500,Parma Crescent,London,29,SW11 1LT,Upper Maisonette At
"Upper Maisonette At, 29, Parma Crescent, London, Greater London SW11 1LT",Flat,"{'imageUrl': 'https://media.rightmove.co.uk/dir/192k/191324/97050581/191324_29984628_IMG_01_0000_max_135x100.jpg', 'mediumImageUrl': 'https://media.rightmove.co.uk/dir/192k/191324/97050581/191324_29984628_IMG_01_0000_max_296x197.jpg', 'count': 12}",True,"{'lat': 51.4623, 'lng': -0.1649}",https://www.rightmove.co.uk/house-prices/details/england-97050581-12205171?s=16067675d7387a90be9733fe2ad5fc5a5e639e1745b687c0d1cd83114d558cee,2.0,"£177,000",25 Sep 1998,Leasehold,False,177000,Parma Crescent,London,29,SW11 1LT,Upper Maisonette At
"30, Parma Crescent, London, Greater London SW11 1LT",Terraced,"{'imageUrl': 'https://media.rightmove.co.uk/dir/146k/145286/77369799/145286_101899003622_IMG_00_0000_max_135x100.jpeg', 'mediumImageUrl': 'https://media.rightmove.co.uk/dir/146k/145286/77369799/145286_101899003622_IMG_00_0000_max_296x197.jpeg', 'count': 4}",False,"{'lat': 51.4623, 'lng': -0.1649}",https://www.rightmove.co.uk/house-prices/details/england-77369799-56795408?s=9069c9cdcd9598b5fb6343f89403ecf06a1749b4bf3dafd7cb45ebcca84dca21,2.0,"£1,268,500",6 Nov 2019,Freehold,False,1268500,Parma Crescent,London,30,SW11 1LT,
"30, Parma Crescent, London, Greater London SW11 1LT",Terraced,"{'imageUrl': 'https://media.rightmove.co.uk/dir/146k/145286/77369799/145286_101899003622_IMG_00_0000_max_135x100.jpeg', 'mediumImageUrl': 'https://media.rightmove.co.uk/dir/146k/145286/77369799/145286_101899003622_IMG_00_0000_max_296x197.jpeg', 'count': 4}",False,"{'lat': 51.4623, 'lng': -0.1649}",https://www.rightmove.co.uk/house-prices/details/england-77369799-56795408?s=9069c9cdcd9598b5fb6343f89403ecf06a1749b4bf3dafd7cb45ebcca84dca21,2.0,"£1,268,500",2 Sep 2015,Freehold,False,1268500,Parma Crescent,London,30,SW11 1LT,
"Ground Floor Flat, 49, Parma Crescent, London, Greater London SW11 1LT",Flat,"{'imageUrl': '/spw/images/placeholder/no-image.svg', 'mediumImageUrl': '/spw/images/placeholder/no-image.svg', 'count': 0}",False,"{'lat': 51.4623, 'lng': -0.1649}",https://www.rightmove.co.uk/house-prices/details/england-56509721?s=00d61258d7a5788f5d3eb6d033c5452ad223ddd8eeedc71362f930024f715642,,"£625,000",12 Aug 2019,Leasehold,False,625000,Parma Crescent,London,49,SW11 1LT,Ground Floor Flat
"Ground Floor Flat, 49, Parma Crescent, London, Greater London SW11 1LT",Flat,"{'imageUrl': '/spw/images/placeholder/no-image.svg', 'mediumImageUrl': '/spw/images/placeholder/no-image.svg', 'count': 0}",False,"{'lat': 51.4623, 'lng': -0.1649}",https://www.rightmove.co.uk/house-prices/details/england-56509721?s=00d61258d7a5788f5d3eb6d033c5452ad223ddd8eeedc71362f930024f715642,,"£520,000",7 Aug 2013,Leasehold,False,520000,Parma Crescent,London,49,SW11 1LT,Ground Floor Flat
"Ground Floor Flat, 49, Parma Crescent, London, Greater London SW11 1LT",Flat,"{'imageUrl': '/spw/images/placeholder/no-image.svg', 'mediumImageUrl': '/spw/images/placeholder/no-image.svg', 'count': 0}",False,"{'lat': 51.4623, 'lng': -0.1649}",https://www.rightmove.co.uk/house-prices/details/england-56509721?s=00d61258d7a5788f5d3eb6d033c5452ad223ddd8eeedc71362f930024f715642,,"£332,500",22 Apr 2008,Leasehold,False,332500,Parma Crescent,London,49,SW11 1LT,Ground Floor Flat
"Ground Floor Flat, 49, Parma Crescent, London, Greater London SW11 1LT",Flat,"{'imageUrl': '/spw/images/placeholder/no-image.svg', 'mediumImageUrl': '/spw/images/placeholder/no-image.svg', 'count': 0}",False,"{'lat': 51.4623, 'lng': -0.1649}",https://www.rightmove.co.uk/house-prices/details/england-56509721?s=00d61258d7a5788f5d3eb6d033c5452ad223ddd8eeedc71362f930024f715642,,"£165,000",29 Oct 1999,Leasehold,False,165000,Parma Crescent,London,49,SW11 1LT,Ground Floor Flat
"47, Parma Crescent, London, Greater London SW11 1LT",Terraced,"{'imageUrl': 'https://media.rightmove.co.uk/dir/58k/57907/64168609/57907_P141683_IMG_09_0000_max_135x100.jpg', 'mediumImageUrl': 'https://media.rightmove.co.uk/dir/58k/57907/64168609/57907_P141683_IMG_09_0000_max_296x197.jpg', 'count': 10}",True,"{'lat': 51.4623, 'lng': -0.1649}",https://www.rightmove.co.uk/house-prices/details/england-64168609-7023964?s=4e8d61a07daa8aa06542794b90ca3c29a4c3fccf961584f1a182b61a9824c6fa,4.0,"£1,300,000",4 May 2018,Freehold,False,1300000,Parma Crescent,London,47,SW11 1LT,
"47, Parma Crescent, London, Greater London SW11 1LT",Terraced,"{'imageUrl': 'https://media.rightmove.co.uk/dir/58k/57907/64168609/57907_P141683_IMG_09_0000_max_135x100.jpg', 'mediumImageUrl': 'https://media.rightmove.co.uk/dir/58k/57907/64168609/57907_P141683_IMG_09_0000_max_296x197.jpg', 'count': 10}",True,"{'lat': 51.4623, 'lng': -0.1649}",https://www.rightmove.co.uk/house-prices/details/england-64168609-7023964?s=4e8d61a07daa8aa06542794b90ca3c29a4c3fccf961584f1a182b61a9824c6fa,4.0,"£1,280,000",27 Mar 2017,Freehold,False,1280000,Parma Crescent,London,47,SW11 1LT,
"47, Parma Crescent, London, Greater London SW11 1LT",Terraced,"{'imageUrl': 'https://media.rightmove.co.uk/dir/58k/57907/64168609/57907_P141683_IMG_09_0000_max_135x100.jpg', 'mediumImageUrl': 'https://media.rightmove.co.uk/dir/58k/57907/64168609/57907_P141683_IMG_09_0000_max_296x197.jpg', 'count': 10}",True,"{'lat': 51.4623, 'lng': -0.1649}",https://www.rightmove.co.uk/house-prices/details/england-64168609-7023964?s=4e8d61a07daa8aa06542794b90ca3c29a4c3fccf961584f1a182b61a9824c6fa,4.0,"£625,000",23 Jun 2006,Freehold,False,625000,Parma Crescent,London,47,SW11 1LT,
"47, Parma Crescent, London, Greater London SW11 1LT",Terraced,"{'imageUrl': 'https://media.rightmove.co.uk/dir/58k/57907/64168609/57907_P141683_IMG_09_0000_max_135x100.jpg', 'mediumImageUrl': 'https://media.rightmove.co.uk/dir/58k/57907/64168609/57907_P141683_IMG_09_0000_max_296x197.jpg', 'count': 10}",True,"{'lat': 51.4623, 'lng': -0.1649}",https://www.rightmove.co.uk/house-prices/details/england-64168609-7023964?s=4e8d61a07daa8aa06542794b90ca3c29a4c3fccf961584f1a182b61a9824c6fa,4.0,"£310,000",16 Jul 1999,Freehold,False,310000,Parma Crescent,London,47,SW11 1LT,
"16, Parma Crescent, London, Greater London SW11 1LT",Terraced,"{'imageUrl': 'https://media.rightmove.co.uk/dir/49k/48862/66678569/48862_HEA141089_IMG_01_0000_max_135x100.jpg', 'mediumImageUrl': 'https://media.rightmove.co.uk/dir/49k/48862/66678569/48862_HEA141089_IMG_01_0000_max_296x197.jpg', 'count': 27}",True,"{'lat': 51.4623, 'lng': -0.1649}",https://www.rightmove.co.uk/house-prices/details/england-66678569-6021595?s=cbab0123131906d688d72532481b08ebcf41bb589f3e2891aa4d98e6e3c13009,5.0,"£1,765,000",11 Dec 2017,Freehold,False,1765000,Parma Crescent,London,16,SW11 1LT,
"16, Parma Crescent, London, Greater London SW11 1LT",Terraced,"{'imageUrl': 'https://media.rightmove.co.uk/dir/49k/48862/66678569/48862_HEA141089_IMG_01_0000_max_135x100.jpg', 'mediumImageUrl': 'https://media.rightmove.co.uk/dir/49k/48862/66678569/48862_HEA141089_IMG_01_0000_max_296x197.jpg', 'count': 27}",True,"{'lat': 51.4623, 'lng': -0.1649}",https://www.rightmove.co.uk/house-prices/details/england-66678569-6021595?s=cbab0123131906d688d72532481b08ebcf41bb589f3e2891aa4d98e6e3c13009,5.0,"£682,200",26 Aug 2011,Freehold,False,682200,Parma Crescent,London,16,SW11 1LT,
"Upper Maisonette, 40, Parma Crescent, London, Greater London SW11 1LT",Flat,"{'imageUrl': 'https://media.rightmove.co.uk/dir/4k/3716/149603258/3716_000837433_IMG_00_0000_max_135x100.jpeg', 'mediumImageUrl': 'https://media.rightmove.co.uk/dir/4k/3716/149603258/3716_000837433_IMG_00_0000_max_296x197.jpeg', 'count': 21}",True,"{'lat': 51.4623, 'lng': -0.1649}",https://www.rightmove.co.uk/house-prices/details/england-149603258-5783662?s=041463fd1a02a35c27b8064832ad95c5dd87e23a341c30dcd252c9b2b0fd4274,3.0,"£1,049,000",28 Jul 2017,Leasehold,False,1049000,Parma Crescent,London,40,SW11 1LT,Upper Maisonette
"Upper Maisonette, 40, Parma Crescent, London, Greater London SW11 1LT",Flat,"{'imageUrl': 'https://media.rightmove.co.uk/dir/4k/3716/149603258/3716_000837433_IMG_00_0000_max_135x100.jpeg', 'mediumImageUrl': 'https://media.rightmove.co.uk/dir/4k/3716/149603258/3716_000837433_IMG_00_0000_max_296x197.jpeg', 'count': 21}",True,"{'lat': 51.4623, 'lng': -0.1649}",https://www.rightmove.co.uk/house-prices/details/england-149603258-5783662?s=041463fd1a02a35c27b8064832ad95c5dd87e23a341c30dcd252c9b2b0fd4274,3.0,"£495,000",17 Jul 2007,Leasehold,False,495000,Parma Crescent,London,40,SW11 1LT,Upper Maisonette
"Upper Maisonette, 40, Parma Crescent, London, Greater London SW11 1LT",Flat,"{'imageUrl': 'https://media.rightmove.co.uk/dir/4k/3716/149603258/3716_000837433_IMG_00_0000_max_135x100.jpeg', 'mediumImageUrl': 'https://media.rightmove.co.uk/dir/4k/3716/149603258/3716_000837433_IMG_00_0000_max_296x197.jpeg', 'count': 21}",True,"{'lat': 51.4623, 'lng': -0.1649}",https://www.rightmove.co.uk/house-prices/details/england-149603258-5783662?s=041463fd1a02a35c27b8064832ad95c5dd87e23a341c30dcd252c9b2b0fd4274,3.0,"£180,000",15 Jan 1999,Leasehold,False,180000,Parma Crescent,London,40,SW11 1LT,Upper Maisonette
"34, Parma Crescent, London, Greater London SW11 1LT",Terraced,"{'imageUrl': 'https://media.rightmove.co.uk/dir/90k/89369/57797015/89369_101052004003_IMG_01_0000_max_135x100.jpg', 'mediumImageUrl': 'https://media.rightmove.co.uk/dir/90k/89369/57797015/89369_101052004003_IMG_01_0000_max_296x197.jpg', 'count': 12}",True,"{'lat': 51.4623, 'lng': -0.1649}",https://www.rightmove.co.uk/house-prices/details/england-57797015-88864794?s=541211ee6a2cfe99c7198c7142133c1c2b6a24ac35d8730e6dcf956c87c764c4,4.0,"£1,280,000",2 Aug 2016,Freehold,False,1280000,Parma Crescent,London,34,SW11 1LT,
"34, Parma Crescent, London, Greater London SW11 1LT",Terraced,"{'imageUrl': 'https://media.rightmove.co.uk/dir/90k/89369/57797015/89369_101052004003_IMG_01_0000_max_135x100.jpg', 'mediumImageUrl': 'https://media.rightmove.co.uk/dir/90k/89369/57797015/89369_101052004003_IMG_01_0000_max_296x197.jpg', 'count': 12}",True,"{'lat': 51.4623, 'lng': -0.1649}",https://www.rightmove.co.uk/house-prices/details/england-57797015-88864794?s=541211ee6a2cfe99c7198c7142133c1c2b6a24ac35d8730e6dcf956c87c764c4,4.0,"£907,500",19 Aug 2011,Freehold,False,907500,Parma Crescent,London,34,SW11 1LT,
"34, Parma Crescent, London, Greater London SW11 1LT",Terraced,"{'imageUrl': 'https://media.rightmove.co.uk/dir/90k/89369/57797015/89369_101052004003_IMG_01_0000_max_135x100.jpg', 'mediumImageUrl': 'https://media.rightmove.co.uk/dir/90k/89369/57797015/89369_101052004003_IMG_01_0000_max_296x197.jpg', 'count': 12}",True,"{'lat': 51.4623, 'lng': -0.1649}",https://www.rightmove.co.uk/house-prices/details/england-57797015-88864794?s=541211ee6a2cfe99c7198c7142133c1c2b6a24ac35d8730e6dcf956c87c764c4,4.0,"£470,000",28 May 2004,Freehold,False,470000,Parma Crescent,London,34,SW11 1LT,
"34, Parma Crescent, London, Greater London SW11 1LT",Terraced,"{'imageUrl': 'https://media.rightmove.co.uk/dir/90k/89369/57797015/89369_101052004003_IMG_01_0000_max_135x100.jpg', 'mediumImageUrl': 'https://media.rightmove.co.uk/dir/90k/89369/57797015/89369_101052004003_IMG_01_0000_max_296x197.jpg', 'count': 12}",True,"{'lat': 51.4623, 'lng': -0.1649}",https://www.rightmove.co.uk/house-prices/details/england-57797015-88864794?s=541211ee6a2cfe99c7198c7142133c1c2b6a24ac35d8730e6dcf956c87c764c4,4.0,"£265,000",17 Dec 1997,Freehold,False,265000,Parma Crescent,London,34,SW11 1LT,
"25, Parma Crescent, London, Greater London SW11 1LT",Terraced,"{'imageUrl': 'https://media.rightmove.co.uk/dir/101k/100855/96894389/100855_BBL200059_L_IMG_01_0000_max_135x100.jpg', 'mediumImageUrl': 'https://media.rightmove.co.uk/dir/101k/100855/96894389/100855_BBL200059_L_IMG_01_0000_max_296x197.jpg', 'count': 12}",True,"{'lat': 51.4623, 'lng': -0.1649}",https://www.rightmove.co.uk/house-prices/details/england-96894389-78244587?s=354235478ebf1a397d2a314df071f6254bc8b4ae8ed7fb93739891a9130abe9b,4.0,"£1,335,000",30 Oct 2015,Freehold,False,1335000,Parma Crescent,London,25,SW11 1LT,
"25, Parma Crescent, London, Greater London SW11 1LT",Terraced,"{'imageUrl': 'https://media.rightmove.co.uk/dir/101k/100855/96894389/100855_BBL200059_L_IMG_01_0000_max_135x100.jpg', 'mediumImageUrl': 'https://media.rightmove.co.uk/dir/101k/100855/96894389/100855_BBL200059_L_IMG_01_0000_max_296x197.jpg', 'count': 12}",True,"{'lat': 51.4623, 'lng': -0.1649}",https://www.rightmove.co.uk/house-prices/details/england-96894389-78244587?s=354235478ebf1a397d2a314df071f6254bc8b4ae8ed7fb93739891a9130abe9b,4.0,"£955,000",29 Jan 2010,Freehold,False,955000,Parma Crescent,London,25,SW11 1LT,
"22, Parma Crescent, London, Greater London SW11 1LT",Terraced,"{'imageUrl': 'https://media.rightmove.co.uk/dir/127k/126934/78946352/126934_5c1b7a7bab954_IMG_01_0000_max_135x100.jpg', 'mediumImageUrl': 'https://media.rightmove.co.uk/dir/127k/126934/78946352/126934_5c1b7a7bab954_IMG_01_0000_max_296x197.jpg', 'count': 7}",True,"{'lat': 51.4623, 'lng': -0.1649}",https://www.rightmove.co.uk/house-prices/details/england-78946352-78244581?s=8c0d6111c782482647169eb3af39f23f702e24f4ceeaab8fe52fde95a149a7fc,5.0,"£1,215,000",13 Aug 2014,Freehold,False,1215000,Parma Crescent,London,22,SW11 1LT,
"22, Parma Crescent, London, Greater London SW11 1LT",Terraced,"{'imageUrl': 'https://media.rightmove.co.uk/dir/127k/126934/78946352/126934_5c1b7a7bab954_IMG_01_0000_max_135x100.jpg', 'mediumImageUrl': 'https://media.rightmove.co.uk/dir/127k/126934/78946352/126934_5c1b7a7bab954_IMG_01_0000_max_296x197.jpg', 'count': 7}",True,"{'lat': 51.4623, 'lng': -0.1649}",https://www.rightmove.co.uk/house-prices/details/england-78946352-78244581?s=8c0d6111c782482647169eb3af39f23f702e24f4ceeaab8fe52fde95a149a7fc,5.0,"£480,000",15 Aug 2002,Freehold,False,480000,Parma Crescent,London,22,SW11 1LT,
"22, Parma Crescent, London, Greater London SW11 1LT",Terraced,"{'imageUrl': 'https://media.rightmove.co.uk/dir/127k/126934/78946352/126934_5c1b7a7bab954_IMG_01_0000_max_135x100.jpg', 'mediumImageUrl': 'https://media.rightmove.co.uk/dir/127k/126934/78946352/126934_5c1b7a7bab954_IMG_01_0000_max_296x197.jpg', 'count': 7}",True,"{'lat': 51.4623, 'lng': -0.1649}",https://www.rightmove.co.uk/house-prices/details/england-78946352-78244581?s=8c0d6111c782482647169eb3af39f23f702e24f4ceeaab8fe52fde95a149a7fc,5.0,"£249,500",11 Mar 1998,Freehold,False,249500,Parma Crescent,London,22,SW11 1LT,
"41, Parma Crescent, London, Greater London SW11 1LT",Terraced,"{'imageUrl': 'https://media.rightmove.co.uk/dir/90k/89369/72219808/89369_101052007588_IMG_01_0000_max_135x100.jpg', 'mediumImageUrl': 'https://media.rightmove.co.uk/dir/90k/89369/72219808/89369_101052007588_IMG_01_0000_max_296x197.jpg', 'count': 19}",True,"{'lat': 51.4623, 'lng': -0.1649}",https://www.rightmove.co.uk/house-prices/details/england-72219808-78244575?s=f1990da92d94dde5cc7cabbdac20d36759074c0708123d66f68f1ae288e32e53,4.0,"£1,210,000",7 Apr 2014,Freehold,False,1210000,Parma Crescent,London,41,SW11 1LT,
"41, Parma Crescent, London, Greater London SW11 1LT",Terraced,"{'imageUrl': 'https://media.rightmove.co.uk/dir/90k/89369/72219808/89369_101052007588_IMG_01_0000_max_135x100.jpg', 'mediumImageUrl': 'https://media.rightmove.co.uk/dir/90k/89369/72219808/89369_101052007588_IMG_01_0000_max_296x197.jpg', 'count': 19}",True,"{'lat': 51.4623, 'lng': -0.1649}",https://www.rightmove.co.uk/house-prices/details/england-72219808-78244575?s=f1990da92d94dde5cc7cabbdac20d36759074c0708123d66f68f1ae288e32e53,4.0,"£785,000",5 Aug 2010,Freehold,False,785000,Parma Crescent,London,41,SW11 1LT,
"35, Parma Crescent, London, Greater London SW11 1LT",Terraced,"{'imageUrl': 'https://media.rightmove.co.uk/dir/45k/44538/74862989/44538_WBL140042_L_IMG_01_0000_max_135x100.jpg', 'mediumImageUrl': 'https://media.rightmove.co.uk/dir/45k/44538/74862989/44538_WBL140042_L_IMG_01_0000_max_296x197.jpg', 'count': 5}",False,"{'lat': 51.4623, 'lng': -0.1649}",https://www.rightmove.co.uk/house-prices/details/england-74862989-78244572?s=19beaedc9a03bf9d7a40b28d3ecb493261392aa599825bb7a5ad8d2aa4b32e9a,3.0,"£1,100,000",7 Feb 2014,Freehold,False,1100000,Parma Crescent,London,35,SW11 1LT,
"35, Parma Crescent, London, Greater London SW11 1LT",Terraced,"{'imageUrl': 'https://media.rightmove.co.uk/dir/45k/44538/74862989/44538_WBL140042_L_IMG_01_0000_max_135x100.jpg', 'mediumImageUrl': 'https://media.rightmove.co.uk/dir/45k/44538/74862989/44538_WBL140042_L_IMG_01_0000_max_296x197.jpg', 'count': 5}",False,"{'lat': 51.4623, 'lng': -0.1649}",https://www.rightmove.co.uk/house-prices/details/england-74862989-78244572?s=19beaedc9a03bf9d7a40b28d3ecb493261392aa599825bb7a5ad8d2aa4b32e9a,3.0,"£686,000",29 Mar 2007,Freehold,False,686000,Parma Crescent,London,35,SW11 1LT,
"27a, Parma Crescent, London, Greater London SW11 1LT",Flat,"{'imageUrl': 'https://media.rightmove.co.uk/dir/57k/56656/40719878/56656_NOR130015_IMG_00_0004_max_135x100.jpg', 'mediumImageUrl': 'https://media.rightmove.co.uk/dir/57k/56656/40719878/56656_NOR130015_IMG_00_0004_max_296x197.jpg', 'count': 7}",True,"{'lat': 51.4623, 'lng': -0.1649}",https://www.rightmove.co.uk/house-prices/details/england-40719878-78244566?s=e60e6286261bfa1a157c37ac5f06058347e39f60450f5dfecac3ff9f508624a7,2.0,"£507,000",26 Jul 2013,Leasehold,False,507000,Parma Crescent,London,27a,SW11 1LT,
"27a, Parma Crescent, London, Greater London SW11 1LT",Flat,"{'imageUrl': 'https://media.rightmove.co.uk/dir/57k/56656/40719878/56656_NOR130015_IMG_00_0004_max_135x100.jpg', 'mediumImageUrl': 'https://media.rightmove.co.uk/dir/57k/56656/40719878/56656_NOR130015_IMG_00_0004_max_296x197.jpg', 'count': 7}",True,"{'lat': 51.4623, 'lng': -0.1649}",https://www.rightmove.co.uk/house-prices/details/england-40719878-78244566?s=e60e6286261bfa1a157c37ac5f06058347e39f60450f5dfecac3ff9f508624a7,2.0,"£395,000",8 Jan 2010,Leasehold,False,395000,Parma Crescent,London,27a,SW11 1LT,
"27a, Parma Crescent, London, Greater London SW11 1LT",Flat,"{'imageUrl': 'https://media.rightmove.co.uk/dir/57k/56656/40719878/56656_NOR130015_IMG_00_0004_max_135x100.jpg', 'mediumImageUrl': 'https://media.rightmove.co.uk/dir/57k/56656/40719878/56656_NOR130015_IMG_00_0004_max_296x197.jpg', 'count': 7}",True,"{'lat': 51.4623, 'lng': -0.1649}",https://www.rightmove.co.uk/house-prices/details/england-40719878-78244566?s=e60e6286261bfa1a157c37ac5f06058347e39f60450f5dfecac3ff9f508624a7,2.0,"£236,000",25 Jul 2003,Leasehold,False,236000,Parma Crescent,London,27a,SW11 1LT,
"27a, Parma Crescent, London, Greater London SW11 1LT",Flat,"{'imageUrl': 'https://media.rightmove.co.uk/dir/57k/56656/40719878/56656_NOR130015_IMG_00_0004_max_135x100.jpg', 'mediumImageUrl': 'https://media.rightmove.co.uk/dir/57k/56656/40719878/56656_NOR130015_IMG_00_0004_max_296x197.jpg', 'count': 7}",True,"{'lat': 51.4623, 'lng': -0.1649}",https://www.rightmove.co.uk/house-prices/details/england-40719878-78244566?s=e60e6286261bfa1a157c37ac5f06058347e39f60450f5dfecac3ff9f508624a7,2.0,"£89,950",5 Jan 1995,Leasehold,False,89950,Parma Crescent,London,27a,SW11 1LT,
"36, Parma Crescent, London, Greater London SW11 1LT",Flat,"{'imageUrl': 'https://media.rightmove.co.uk/dir/45k/44538/66382751/44538_WBL090279_L_IMG_05_0000_max_135x100.jpg', 'mediumImageUrl': 'https://media.rightmove.co.uk/dir/45k/44538/66382751/44538_WBL090279_L_IMG_05_0000_max_296x197.jpg', 'count': 6}",False,"{'lat': 51.4623, 'lng': -0.1649}",https://www.rightmove.co.uk/house-prices/details/england-66382751-78244560?s=6a9e0d4004c939f69d6020fd9588b4cd6952af86fe90eb42f696e2281c29afae,1.0,"£480,000",26 Sep 2012,Leasehold,False,480000,Parma Crescent,London,36,SW11 1LT,
"36, Parma Crescent, London, Greater London SW11 1LT",Flat,"{'imageUrl': 'https://media.rightmove.co.uk/dir/45k/44538/66382751/44538_WBL090279_L_IMG_05_0000_max_135x100.jpg', 'mediumImageUrl': 'https://media.rightmove.co.uk/dir/45k/44538/66382751/44538_WBL090279_L_IMG_05_0000_max_296x197.jpg', 'count': 6}",False,"{'lat': 51.4623, 'lng': -0.1649}",https://www.rightmove.co.uk/house-prices/details/england-66382751-78244560?s=6a9e0d4004c939f69d6020fd9588b4cd6952af86fe90eb42f696e2281c29afae,1.0,"£235,000",18 Jan 2006,Freehold,False,235000,Parma Crescent,London,36,SW11 1LT,
"27b, Parma Crescent, London, Greater London SW11 1LT",Flat,"{'imageUrl': 'https://media.rightmove.co.uk/dir/57k/56656/40719878/56656_NOR130015_IMG_00_0004_max_135x100.jpg', 'mediumImageUrl': 'https://media.rightmove.co.uk/dir/57k/56656/40719878/56656_NOR130015_IMG_00_0004_max_296x197.jpg', 'count': 7}",True,"{'lat': 51.4623, 'lng': -0.1649}",https://www.rightmove.co.uk/house-prices/details/england-40719878-78244554?s=4e5a3d9b64dc1c5682feb6b8739958341c9413e175407cc0d8f163b2b7ec234c,2.0,"£150,000",24 Mar 2012,Leasehold,False,150000,Parma Crescent,London,27b,SW11 1LT,
"27b, Parma Crescent, London, Greater London SW11 1LT",Flat,"{'imageUrl': 'https://media.rightmove.co.uk/dir/57k/56656/40719878/56656_NOR130015_IMG_00_0004_max_135x100.jpg', 'mediumImageUrl': 'https://media.rightmove.co.uk/dir/57k/56656/40719878/56656_NOR130015_IMG_00_0004_max_296x197.jpg', 'count': 7}",True,"{'lat': 51.4623, 'lng': -0.1649}",https://www.rightmove.co.uk/house-prices/details/england-40719878-78244554?s=4e5a3d9b64dc1c5682feb6b8739958341c9413e175407cc0d8f163b2b7ec234c,2.0,"£350,000",11 Jun 2004,Leasehold,False,350000,Parma Crescent,London,27b,SW11 1LT,
"27b, Parma Crescent, London, Greater London SW11 1LT",Flat,"{'imageUrl': 'https://media.rightmove.co.uk/dir/57k/56656/40719878/56656_NOR130015_IMG_00_0004_max_135x100.jpg', 'mediumImageUrl': 'https://media.rightmove.co.uk/dir/57k/56656/40719878/56656_NOR130015_IMG_00_0004_max_296x197.jpg', 'count': 7}",True,"{'lat': 51.4623, 'lng': -0.1649}",https://www.rightmove.co.uk/house-prices/details/england-40719878-78244554?s=4e5a3d9b64dc1c5682feb6b8739958341c9413e175407cc0d8f163b2b7ec234c,2.0,"£212,000",23 May 2003,Leasehold,False,212000,Parma Crescent,London,27b,SW11 1LT,
"Top Floor Flat, 49, Parma Crescent, London, Greater London SW11 1LT",Flat,"{'imageUrl': '/spw/images/placeholder/no-image.svg', 'mediumImageUrl': '/spw/images/placeholder/no-image.svg', 'count': 0}",False,"{'lat': 51.4623, 'lng': -0.1649}",https://www.rightmove.co.uk/house-prices/details/england-78244542?s=dfa74dc0de3ea665ff6b5df6067361fd5a83d09e16f9ea86167897f66399bbf5,,"£520,000",23 May 2011,Leasehold,False,520000,Parma Crescent,London,49,SW11 1LT,Top Floor Flat
"10, Parma Crescent, London, Greater London SW11 1LT",Terraced,"{'imageUrl': 'https://media.rightmove.co.uk/dir/1k/369/14128125/369_BAB090697_IMG_00_0001_max_135x100.JPG', 'mediumImageUrl': 'https://media.rightmove.co.uk/dir/1k/369/14128125/369_BAB090697_IMG_00_0001_max_296x197.JPG', 'count': 2}",False,"{'lat': 51.4623, 'lng': -0.1649}",https://www.rightmove.co.uk/house-prices/details/england-14128125-78244536?s=dd60bc1e214532b57687262d938790969ddb3dabbeb6676cce7ab201b2030c2a,4.0,"£465,000",24 Feb 2010,Freehold,False,465000,Parma Crescent,London,10,SW11 1LT,
"10, Parma Crescent, London, Greater London SW11 1LT",Terraced,"{'imageUrl': 'https://media.rightmove.co.uk/dir/1k/369/14128125/369_BAB090697_IMG_00_0001_max_135x100.JPG', 'mediumImageUrl': 'https://media.rightmove.co.uk/dir/1k/369/14128125/369_BAB090697_IMG_00_0001_max_296x197.JPG', 'count': 2}",False,"{'lat': 51.4623, 'lng': -0.1649}",https://www.rightmove.co.uk/house-prices/details/england-14128125-78244536?s=dd60bc1e214532b57687262d938790969ddb3dabbeb6676cce7ab201b2030c2a,4.0,"£380,000",6 Mar 2008,Freehold,False,380000,Parma Crescent,London,10,SW11 1LT,
"51, Parma Crescent, London, Greater London SW11 1LT",Terraced,"{'imageUrl': 'https://media.rightmove.co.uk/dir/90k/89369/74002554/89369_101052004540_IMG_01_0000_max_135x100.jpg', 'mediumImageUrl': 'https://media.rightmove.co.uk/dir/90k/89369/74002554/89369_101052004540_IMG_01_0000_max_296x197.jpg', 'count': 12}",True,"{'lat': 51.4623, 'lng': -0.1649}",https://www.rightmove.co.uk/house-prices/details/england-74002554-78244527?s=4ead09f3cdf256c410b783a78d415af40e1946d5c415fd62035b2a3be5ca0a64,5.0,"£821,000",5 Oct 2009,Freehold,False,821000,Parma Crescent,London,51,SW11 1LT,
"51, Parma Crescent, London, Greater London SW11 1LT",Terraced,"{'imageUrl': 'https://media.rightmove.co.uk/dir/90k/89369/74002554/89369_101052004540_IMG_01_0000_max_135x100.jpg', 'mediumImageUrl': 'https://media.rightmove.co.uk/dir/90k/89369/74002554/89369_101052004540_IMG_01_0000_max_296x197.jpg', 'count': 12}",True,"{'lat': 51.4623, 'lng': -0.1649}",https://www.rightmove.co.uk/house-prices/details/england-74002554-78244527?s=4ead09f3cdf256c410b783a78d415af40e1946d5c415fd62035b2a3be5ca0a64,5.0,"£626,500",19 Sep 2006,Freehold,False,626500,Parma Crescent,London,51,SW11 1LT,
"13, Parma Crescent, London, Greater London SW11 1LT",Terraced,"{'imageUrl': 'https://media.rightmove.co.uk/dir/84k/83582/15167742/83582_850455_IMG_00_0000_max_135x100.jpg', 'mediumImageUrl': 'https://media.rightmove.co.uk/dir/84k/83582/15167742/83582_850455_IMG_00_0000_max_296x197.jpg', 'count': 1}",False,"{'lat': 51.4623, 'lng': -0.1649}",https://www.rightmove.co.uk/house-prices/details/england-15167742-78244524?s=2e74268f7c78f9bb08aa7a9092e74020a8b061f48ea46960058701bc77f43192,2.0,"£750,000",14 Aug 2009,Freehold,False,750000,Parma Crescent,London,13,SW11 1LT,
"13, Parma Crescent, London, Greater London SW11 1LT",Terraced,"{'imageUrl': 'https://media.rightmove.co.uk/dir/84k/83582/15167742/83582_850455_IMG_00_0000_max_135x100.jpg', 'mediumImageUrl': 'https://media.rightmove.co.uk/dir/84k/83582/15167742/83582_850455_IMG_00_0000_max_296x197.jpg', 'count': 1}",False,"{'lat': 51.4623, 'lng': -0.1649}",https://www.rightmove.co.uk/house-prices/details/england-15167742-78244524?s=2e74268f7c78f9bb08aa7a9092e74020a8b061f48ea46960058701bc77f43192,2.0,"£399,950",9 Jun 2000,Freehold,False,399950,Parma Crescent,London,13,SW11 1LT,
"15, Parma Crescent, London, Greater London SW11 1LT",Terraced,"{'imageUrl': 'https://media.rightmove.co.uk/dir/6k/5539/24577097/5539_PARMACRES_IMG_00_0000_max_135x100.jpg', 'mediumImageUrl': 'https://media.rightmove.co.uk/dir/6k/5539/24577097/5539_PARMACRES_IMG_00_0000_max_296x197.jpg', 'count': 8}",True,"{'lat': 51.4623, 'lng': -0.1649}",https://www.rightmove.co.uk/house-prices/details/england-24577097-78244521?s=fd0dd1e28ec6652a894d3e43b855ecd92271fa4c08d09423fe6769344af7d7bb,3.0,"£605,000",9 Apr 2009,Freehold,False,605000,Parma Crescent,London,15,SW11 1LT,
"Lower Maisonette, 40, Parma Crescent, London, Greater London SW11 1LT",Flat,"{'imageUrl': 'https://media.rightmove.co.uk/dir/4k/3716/149603258/3716_000837433_IMG_00_0000_max_135x100.jpeg', 'mediumImageUrl': 'https://media.rightmove.co.uk/dir/4k/3716/149603258/3716_000837433_IMG_00_0000_max_296x197.jpeg', 'count': 21}",True,"{'lat': 51.4623, 'lng': -0.1649}",https://www.rightmove.co.uk/house-prices/details/england-149603258-78244506?s=6b739c049de69277839754005269aa7894bcbeea33eb2c9ff38422f8ca167258,3.0,"£428,000",31 Aug 2007,Leasehold,False,428000,Parma Crescent,London,40,SW11 1LT,Lower Maisonette
"Lower Maisonette, 40, Parma Crescent, London, Greater London SW11 1LT",Flat,"{'imageUrl': 'https://media.rightmove.co.uk/dir/4k/3716/149603258/3716_000837433_IMG_00_0000_max_135x100.jpeg', 'mediumImageUrl': 'https://media.rightmove.co.uk/dir/4k/3716/149603258/3716_000837433_IMG_00_0000_max_296x197.jpeg', 'count': 21}",True,"{'lat': 51.4623, 'lng': -0.1649}",https://www.rightmove.co.uk/house-prices/details/england-149603258-78244506?s=6b739c049de69277839754005269aa7894bcbeea33eb2c9ff38422f8ca167258,3.0,"£285,000",6 May 2005,Leasehold,False,285000,Parma Crescent,London,40,SW11 1LT,Lower Maisonette
"Lower Maisonette, 40, Parma Crescent, London, Greater London SW11 1LT",Flat,"{'imageUrl': 'https://media.rightmove.co.uk/dir/4k/3716/149603258/3716_000837433_IMG_00_0000_max_135x100.jpeg', 'mediumImageUrl': 'https://media.rightmove.co.uk/dir/4k/3716/149603258/3716_000837433_IMG_00_0000_max_296x197.jpeg', 'count': 21}",True,"{'lat': 51.4623, 'lng': -0.1649}",https://www.rightmove.co.uk/house-prices/details/england-149603258-78244506?s=6b739c049de69277839754005269aa7894bcbeea33eb2c9ff38422f8ca167258,3.0,"£295,101",15 Aug 2002,Leasehold,False,295101,Parma Crescent,London,40,SW11 1LT,Lower Maisonette
"Lower Maisonette, 40, Parma Crescent, London, Greater London SW11 1LT",Flat,"{'imageUrl': 'https://media.rightmove.co.uk/dir/4k/3716/149603258/3716_000837433_IMG_00_0000_max_135x100.jpeg', 'mediumImageUrl': 'https://media.rightmove.co.uk/dir/4k/3716/149603258/3716_000837433_IMG_00_0000_max_296x197.jpeg', 'count': 21}",True,"{'lat': 51.4623, 'lng': -0.1649}",https://www.rightmove.co.uk/house-prices/details/england-149603258-78244506?s=6b739c049de69277839754005269aa7894bcbeea33eb2c9ff38422f8ca167258,3.0,"£118,500",27 Sep 1996,Leasehold,False,118500,Parma Crescent,London,40,SW11 1LT,Lower Maisonette
"20, Parma Crescent, London, Greater London SW11 1LT",Terraced,"{'imageUrl': 'https://media.rightmove.co.uk/dir/85k/84790/148712471/84790_P281911_IMG_54_0000_max_135x100.jpeg', 'mediumImageUrl': 'https://media.rightmove.co.uk/dir/85k/84790/148712471/84790_P281911_IMG_54_0000_max_296x197.jpeg', 'count': 20}",True,"{'lat': 51.4623, 'lng': -0.1649}",https://www.rightmove.co.uk/house-prices/details/england-148712471-78244503?s=293e51ac055f99283cac278ecb8876cf560d87d86b3678c88ee198a54adf76ae,4.0,"£878,879",3 Aug 2007,Freehold,False,878879,Parma Crescent,London,20,SW11 1LT,
"20, Parma Crescent, London, Greater London SW11 1LT",Terraced,"{'imageUrl': 'https://media.rightmove.co.uk/dir/85k/84790/148712471/84790_P281911_IMG_54_0000_max_135x100.jpeg', 'mediumImageUrl': 'https://media.rightmove.co.uk/dir/85k/84790/148712471/84790_P281911_IMG_54_0000_max_296x197.jpeg', 'count': 20}",True,"{'lat': 51.4623, 'lng': -0.1649}",https://www.rightmove.co.uk/house-prices/details/england-148712471-78244503?s=293e51ac055f99283cac278ecb8876cf560d87d86b3678c88ee198a54adf76ae,4.0,"£460,000",12 Jan 2001,Freehold,False,460000,Parma Crescent,London,20,SW11 1LT,
"20, Parma Crescent, London, Greater London SW11 1LT",Terraced,"{'imageUrl': 'https://media.rightmove.co.uk/dir/85k/84790/148712471/84790_P281911_IMG_54_0000_max_135x100.jpeg', 'mediumImageUrl': 'https://media.rightmove.co.uk/dir/85k/84790/148712471/84790_P281911_IMG_54_0000_max_296x197.jpeg', 'count': 20}",True,"{'lat': 51.4623, 'lng': -0.1649}",https://www.rightmove.co.uk/house-prices/details/england-148712471-78244503?s=293e51ac055f99283cac278ecb8876cf560d87d86b3678c88ee198a54adf76ae,4.0,"£217,500",22 Aug 1996,Freehold,False,217500,Parma Crescent,London,20,SW11 1LT,
"40, Parma Crescent, London, Greater London SW11 1LT",Semi-Detached,"{'imageUrl': 'https://media.rightmove.co.uk/dir/4k/3716/149603258/3716_000837433_IMG_00_0000_max_135x100.jpeg', 'mediumImageUrl': 'https://media.rightmove.co.uk/dir/4k/3716/149603258/3716_000837433_IMG_00_0000_max_296x197.jpeg', 'count': 21}",True,"{'lat': 51.4623, 'lng': -0.1649}",https://www.rightmove.co.uk/house-prices/details/england-149603258-78244500?s=5b3900db8431ce9a6a8e8081d2a08d87a444941bede34290cc4ee68f920161e4,3.0,"£495,000",17 Jul 2007,Freehold,False,495000,Parma Crescent,London,40,SW11 1LT,
"40, Parma Crescent, London, Greater London SW11 1LT",Semi-Detached,"{'imageUrl': 'https://media.rightmove.co.uk/dir/4k/3716/149603258/3716_000837433_IMG_00_0000_max_135x100.jpeg', 'mediumImageUrl': 'https://media.rightmove.co.uk/dir/4k/3716/149603258/3716_000837433_IMG_00_0000_max_296x197.jpeg', 'count': 21}",True,"{'lat': 51.4623, 'lng': -0.1649}",https://www.rightmove.co.uk/house-prices/details/england-149603258-78244500?s=5b3900db8431ce9a6a8e8081d2a08d87a444941bede34290cc4ee68f920161e4,3.0,"£64,500",5 Jun 1996,Freehold,False,64500,Parma Crescent,London,40,SW11 1LT,
"25b, Parma Crescent, London, Greater London SW11 1LT",Flat,"{'imageUrl': 'https://media.rightmove.co.uk/dir/101k/100855/96894389/100855_BBL200059_L_IMG_01_0000_max_135x100.jpg', 'mediumImageUrl': 'https://media.rightmove.co.uk/dir/101k/100855/96894389/100855_BBL200059_L_IMG_01_0000_max_296x197.jpg', 'count': 12}",True,"{'lat': 51.4623, 'lng': -0.1649}",https://www.rightmove.co.uk/house-prices/details/england-96894389-78244488?s=2b5da1d4c7084f75299fa58ed3eea1c6e91ee7625e408944f9f3f8612e4e8d41,4.0,"£280,000",4 Dec 2006,Leasehold,False,280000,Parma Crescent,London,25b,SW11 1LT,
"Upper Flat, 37, Parma Crescent, London, Greater London SW11 1LT",Terraced,"{'imageUrl': 'https://media.rightmove.co.uk/dir/97k/96557/44324310/96557_448216_IMG_01_0001_max_135x100.jpg', 'mediumImageUrl': 'https://media.rightmove.co.uk/dir/97k/96557/44324310/96557_448216_IMG_01_0001_max_296x197.jpg', 'count': 6}",False,"{'lat': 51.4623, 'lng': -0.1649}",https://www.rightmove.co.uk/house-prices/details/england-44324310-78244482?s=d565c89eebb5726db8eed384e3dbfa56b60f0908b528e49d1c269231bbfbd4c3,2.0,"£395,000",17 Jul 2006,Leasehold,False,395000,Parma Crescent,London,37,SW11 1LT,Upper Flat
"The Upper Flat, 49, Parma Crescent, London, Greater London SW11 1LT",Flat,"{'imageUrl': '/spw/images/placeholder/no-image.svg', 'mediumImageUrl': '/spw/images/placeholder/no-image.svg', 'count': 0}",False,"{'lat': 51.4623, 'lng': -0.1649}",https://www.rightmove.co.uk/house-prices/details/england-78244476?s=93e352b137f34c40de29372ca757f7b385e960e55e1311773337527074f5f00a,,"£310,000",19 Apr 2006,Leasehold,False,310000,Parma Crescent,London,49,SW11 1LT,The Upper Flat
"The Upper Flat, 49, Parma Crescent, London, Greater London SW11 1LT",Flat,"{'imageUrl': '/spw/images/placeholder/no-image.svg', 'mediumImageUrl': '/spw/images/placeholder/no-image.svg', 'count': 0}",False,"{'lat': 51.4623, 'lng': -0.1649}",https://www.rightmove.co.uk/house-prices/details/england-78244476?s=93e352b137f34c40de29372ca757f7b385e960e55e1311773337527074f5f00a,,"£245,000",22 Dec 1999,Leasehold,False,245000,Parma Crescent,London,49,SW11 1LT,The Upper Flat
"7, Parma Crescent, London, Greater London SW11 1LT",Terraced,"{'imageUrl': '/spw/images/placeholder/no-image.svg', 'mediumImageUrl': '/spw/images/placeholder/no-image.svg', 'count': 0}",False,"{'lat': 51.4623, 'lng': -0.1649}",https://www.rightmove.co.uk/house-prices/details/england-78244473?s=10072e2ff01f8c2af2b35ffef9d2620252ba91e20c1562a875658043b5f6918b,,"£390,000",17 Mar 2006,Freehold,False,390000,Parma Crescent,London,7,SW11 1LT,
"7, Parma Crescent, London, Greater London SW11 1LT",Terraced,"{'imageUrl': '/spw/images/placeholder/no-image.svg', 'mediumImageUrl': '/spw/images/placeholder/no-image.svg', 'count': 0}",False,"{'lat': 51.4623, 'lng': -0.1649}",https://www.rightmove.co.uk/house-prices/details/england-78244473?s=10072e2ff01f8c2af2b35ffef9d2620252ba91e20c1562a875658043b5f6918b,,"£127,223",31 May 2002,Freehold,False,127223,Parma Crescent,London,7,SW11 1LT,
"26, Parma Crescent, London, Greater London SW11 1LT",Terraced,"{'imageUrl': '/spw/images/placeholder/no-image.svg', 'mediumImageUrl': '/spw/images/placeholder/no-image.svg', 'count': 0}",False,"{'lat': 51.4623, 'lng': -0.1649}",https://www.rightmove.co.uk/house-prices/details/england-78244449?s=73f5128d610aebe0dfb450cfd3d5ece36af895cfd831b155da2354cd51b7b6e3,,"£524,000",27 May 2004,Freehold,False,524000,Parma Crescent,London,26,SW11 1LT,
"26, Parma Crescent, London, Greater London SW11 1LT",Terraced,"{'imageUrl': '/spw/images/placeholder/no-image.svg', 'mediumImageUrl': '/spw/images/placeholder/no-image.svg', 'count': 0}",False,"{'lat': 51.4623, 'lng': -0.1649}",https://www.rightmove.co.uk/house-prices/details/england-78244449?s=73f5128d610aebe0dfb450cfd3d5ece36af895cfd831b155da2354cd51b7b6e3,,"£280,000",17 Jun 1999,Freehold,False,280000,Parma Crescent,London,26,SW11 1LT,
"26, Parma Crescent, London, Greater London SW11 1LT",Terraced,"{'imageUrl': '/spw/images/placeholder/no-image.svg', 'mediumImageUrl': '/spw/images/placeholder/no-image.svg', 'count': 0}",False,"{'lat': 51.4623, 'lng': -0.1649}",https://www.rightmove.co.uk/house-prices/details/england-78244449?s=73f5128d610aebe0dfb450cfd3d5ece36af895cfd831b155da2354cd51b7b6e3,,"£250,000",9 Dec 1997,Freehold,False,250000,Parma Crescent,London,26,SW11 1LT,
"45b, Parma Crescent, London, Greater London SW11 1LT",Flat,"{'imageUrl': 'https://media.rightmove.co.uk/dir/45k/44538/54711676/44538_WBL090365_L_IMG_62_0000_max_135x100.jpg', 'mediumImageUrl': 'https://media.rightmove.co.uk/dir/45k/44538/54711676/44538_WBL090365_L_IMG_62_0000_max_296x197.jpg', 'count': 3}",False,"{'lat': 51.4623, 'lng': -0.1649}",https://www.rightmove.co.uk/house-prices/details/england-54711676-78244437?s=912981cca8a8f204fb09ce8c74d89fbab0885dfce4e97ffb12b667addb8c851d,2.0,"£292,500",7 Feb 2003,Leasehold,False,292500,Parma Crescent,London,45b,SW11 1LT,
"45b, Parma Crescent, London, Greater London SW11 1LT",Flat,"{'imageUrl': 'https://media.rightmove.co.uk/dir/45k/44538/54711676/44538_WBL090365_L_IMG_62_0000_max_135x100.jpg', 'mediumImageUrl': 'https://media.rightmove.co.uk/dir/45k/44538/54711676/44538_WBL090365_L_IMG_62_0000_max_296x197.jpg', 'count': 3}",False,"{'lat': 51.4623, 'lng': -0.1649}",https://www.rightmove.co.uk/house-prices/details/england-54711676-78244437?s=912981cca8a8f204fb09ce8c74d89fbab0885dfce4e97ffb12b667addb8c851d,2.0,"£184,000",24 Dec 1998,Leasehold,False,184000,Parma Crescent,London,45b,SW11 1LT,
"45b, Parma Crescent, London, Greater London SW11 1LT",Flat,"{'imageUrl': 'https://media.rightmove.co.uk/dir/45k/44538/54711676/44538_WBL090365_L_IMG_62_0000_max_135x100.jpg', 'mediumImageUrl': 'https://media.rightmove.co.uk/dir/45k/44538/54711676/44538_WBL090365_L_IMG_62_0000_max_296x197.jpg', 'count': 3}",False,"{'lat': 51.4623, 'lng': -0.1649}",https://www.rightmove.co.uk/house-prices/details/england-54711676-78244437?s=912981cca8a8f204fb09ce8c74d89fbab0885dfce4e97ffb12b667addb8c851d,2.0,"£96,080",12 Jan 1995,Leasehold,False,96080,Parma Crescent,London,45b,SW11 1LT,
"38b, Parma Crescent, London, Greater London SW11 1LT",Flat,"{'imageUrl': 'https://media.rightmove.co.uk/dir/100k/99772/102728291/99772_PARMACRESCENT38_IMG_03_0000_max_135x100.jpeg', 'mediumImageUrl': 'https://media.rightmove.co.uk/dir/100k/99772/102728291/99772_PARMACRESCENT38_IMG_03_0000_max_296x197.jpeg', 'count': 10}",False,"{'lat': 51.4623, 'lng': -0.1649}",https://www.rightmove.co.uk/house-prices/details/england-102728291-78244422?s=3df481bed3d77036028c70e6c6637b7a01d1cfeb7aa1aea5c01a3a644323af99,2.0,"£277,500",5 Apr 2002,Leasehold,False,277500,Parma Crescent,London,38b,SW11 1LT,
"38b, Parma Crescent, London, Greater London SW11 1LT",Flat,"{'imageUrl': 'https://media.rightmove.co.uk/dir/100k/99772/102728291/99772_PARMACRESCENT38_IMG_03_0000_max_135x100.jpeg', 'mediumImageUrl': 'https://media.rightmove.co.uk/dir/100k/99772/102728291/99772_PARMACRESCENT38_IMG_03_0000_max_296x197.jpeg', 'count': 10}",False,"{'lat': 51.4623, 'lng': -0.1649}",https://www.rightmove.co.uk/house-prices/details/england-102728291-78244422?s=3df481bed3d77036028c70e6c6637b7a01d1cfeb7aa1aea5c01a3a644323af99,2.0,"£141,500",27 Mar 1997,Leasehold,False,141500,Parma Crescent,London,38b,SW11 1LT,
"25a, Parma Crescent, London, Greater London SW11 1LT",Flat,"{'imageUrl': 'https://media.rightmove.co.uk/dir/101k/100855/96894389/100855_BBL200059_L_IMG_01_0000_max_135x100.jpg', 'mediumImageUrl': 'https://media.rightmove.co.uk/dir/101k/100855/96894389/100855_BBL200059_L_IMG_01_0000_max_296x197.jpg', 'count': 12}",True,"{'lat': 51.4623, 'lng': -0.1649}",https://www.rightmove.co.uk/house-prices/details/england-96894389-78244416?s=5c88cd4c76e16a6af2b2aa17982daddef67cb9dce1bf478640675a1e2359d96e,4.0,"£312,250",27 Aug 2001,Leasehold,False,312250,Parma Crescent,London,25a,SW11 1LT,
"25a, Parma Crescent, London, Greater London SW11 1LT",Flat,"{'imageUrl': 'https://media.rightmove.co.uk/dir/101k/100855/96894389/100855_BBL200059_L_IMG_01_0000_max_135x100.jpg', 'mediumImageUrl': 'https://media.rightmove.co.uk/dir/101k/100855/96894389/100855_BBL200059_L_IMG_01_0000_max_296x197.jpg', 'count': 12}",True,"{'lat': 51.4623, 'lng': -0.1649}",https://www.rightmove.co.uk/house-prices/details/england-96894389-78244416?s=5c88cd4c76e16a6af2b2aa17982daddef67cb9dce1bf478640675a1e2359d96e,4.0,"£125,000",12 Aug 1999,Leasehold,False,125000,Parma Crescent,London,25a,SW11 1LT,
"18, Parma Crescent, London, Greater London SW11 1LT",Terraced,"{'imageUrl': '/spw/images/placeholder/no-image.svg', 'mediumImageUrl': '/spw/images/placeholder/no-image.svg', 'count': 0}",False,"{'lat': 51.4623, 'lng': -0.1649}",https://www.rightmove.co.uk/house-prices/details/england-78244401?s=eed33e0281cb71f7e5bd34c32906f3105ba00e1a97a87675f0c15fc03226fa43,,"£365,000",20 Jan 2000,Freehold,False,365000,Parma Crescent,London,18,SW11 1LT,
"Flat 1, 46, Parma Crescent, London, Greater London SW11 1LT",Flat,"{'imageUrl': '/spw/images/placeholder/no-image.svg', 'mediumImageUrl': '/spw/images/placeholder/no-image.svg', 'count': 0}",False,"{'lat': 51.4623, 'lng': -0.1649}",https://www.rightmove.co.uk/house-prices/details/england-78244383?s=f9f2e0693273417458529dc0e800bf26bf09186a1464854e026d65a437d54f4d,,"£132,500",17 May 1999,Leasehold,False,132500,Parma Crescent,London,46,SW11 1LT,Flat 1
"Flat 1, 46, Parma Crescent, London, Greater London SW11 1LT",Flat,"{'imageUrl': '/spw/images/placeholder/no-image.svg', 'mediumImageUrl': '/spw/images/placeholder/no-image.svg', 'count': 0}",False,"{'lat': 51.4623, 'lng': -0.1649}",https://www.rightmove.co.uk/house-prices/details/england-78244383?s=f9f2e0693273417458529dc0e800bf26bf09186a1464854e026d65a437d54f4d,,"£127,500",16 Jan 1998,Leasehold,False,127500,Parma Crescent,London,46,SW11 1LT,Flat 1
"12, Parma Crescent, London, Greater London SW11 1LT",Semi-Detached,"{'imageUrl': '/spw/images/placeholder/no-image.svg', 'mediumImageUrl': '/spw/images/placeholder/no-image.svg', 'count': 0}",False,"{'lat': 51.4623, 'lng': -0.1649}",https://www.rightmove.co.uk/house-prices/details/england-78244377?s=69e48394df4c0a3773321dd538a49ee74c8660153475724f9de79506bb5c9620,,"£267,500",21 Jan 1999,Freehold,False,267500,Parma Crescent,London,12,SW11 1LT,
"12, Parma Crescent, London, Greater London SW11 1LT",Semi-Detached,"{'imageUrl': '/spw/images/placeholder/no-image.svg', 'mediumImageUrl': '/spw/images/placeholder/no-image.svg', 'count': 0}",False,"{'lat': 51.4623, 'lng': -0.1649}",https://www.rightmove.co.uk/house-prices/details/england-78244377?s=69e48394df4c0a3773321dd538a49ee74c8660153475724f9de79506bb5c9620,,"£163,200",19 Mar 1996,Freehold,False,163200,Parma Crescent,London,12,SW11 1LT,
"45a, Parma Crescent, London, Greater London SW11 1LT",Flat,"{'imageUrl': 'https://media.rightmove.co.uk/dir/45k/44538/54711676/44538_WBL090365_L_IMG_62_0000_max_135x100.jpg', 'mediumImageUrl': 'https://media.rightmove.co.uk/dir/45k/44538/54711676/44538_WBL090365_L_IMG_62_0000_max_296x197.jpg', 'count': 3}",False,"{'lat': 51.4623, 'lng': -0.1649}",https://www.rightmove.co.uk/house-prices/details/england-54711676-78244374?s=73165e760c0bd396479ccb1206187341365470476c436b5fb2474c6a0de93d57,2.0,"£127,000",18 Jan 1999,Leasehold,False,127000,Parma Crescent,London,45a,SW11 1LT,
"45a, Parma Crescent, London, Greater London SW11 1LT",Flat,"{'imageUrl': 'https://media.rightmove.co.uk/dir/45k/44538/54711676/44538_WBL090365_L_IMG_62_0000_max_135x100.jpg', 'mediumImageUrl': 'https://media.rightmove.co.uk/dir/45k/44538/54711676/44538_WBL090365_L_IMG_62_0000_max_296x197.jpg', 'count': 3}",False,"{'lat': 51.4623, 'lng': -0.1649}",https://www.rightmove.co.uk/house-prices/details/england-54711676-78244374?s=73165e760c0bd396479ccb1206187341365470476c436b5fb2474c6a0de93d57,2.0,"£77,500",29 Aug 1996,Leasehold,False,77500,Parma Crescent,London,45a,SW11 1LT,
"48, Parma Crescent, London, Greater London SW11 1LT",Terraced,"{'imageUrl': 'https://media.rightmove.co.uk/dir/90k/89369/146068982/89369_BAS090102_IMG_00_0000_max_135x100.jpeg', 'mediumImageUrl': 'https://media.rightmove.co.uk/dir/90k/89369/146068982/89369_BAS090102_IMG_00_0000_max_296x197.jpeg', 'count': 39}",True,"{'lat': 51.4623, 'lng': -0.1649}",https://www.rightmove.co.uk/house-prices/details/england-146068982-78244362?s=c792dfdc0cf2886e34fdc171ba16e7a79a5a4f757f2e39a111accf0c32682d47,4.0,"£240,000",15 Sep 1998,Freehold,False,240000,Parma Crescent,London,48,SW11 1LT,
"Ground Floor Flat, 38, Parma Crescent, London, Greater London SW11 1LT",Flat,"{'imageUrl': 'https://media.rightmove.co.uk/dir/100k/99772/102728291/99772_PARMACRESCENT38_IMG_03_0000_max_135x100.jpeg', 'mediumImageUrl': 'https://media.rightmove.co.uk/dir/100k/99772/102728291/99772_PARMACRESCENT38_IMG_03_0000_max_296x197.jpeg', 'count': 10}",False,"{'lat': 51.4623, 'lng': -0.1649}",https://www.rightmove.co.uk/house-prices/details/england-102728291-78244338?s=dd397dfffc6132895d44717934d2f57e7408cb768897ee4b11dd03c181900578,2.0,"£57,000",23 Sep 1996,Leasehold,False,57000,Parma Crescent,London,38,SW11 1LT,Ground Floor Flat
"76, Parma Crescent, London, Greater London SW11 1LU",Terraced,"{'imageUrl': 'https://media.rightmove.co.uk/dir/66k/65845/135436475/65845_WND012213880_IMG_00_0000_max_135x100.jpeg', 'mediumImageUrl': 'https://media.rightmove.co.uk/dir/66k/65845/135436475/65845_WND012213880_IMG_00_0000_max_296x197.jpeg', 'count': 18}",True,"{'lat': 51.4622, 'lng': -0.16433}",https://www.rightmove.co.uk/house-prices/details/england-135436475-19761994?s=e33de59bab93e78aaf5d54d6b1f71459abdcc943c7cd40513e01365f2aca9368,5.0,"£2,450,000",19 Oct 2023,Freehold,False,2450000,Parma Crescent,London,76,SW11 1LU,
"76, Parma Crescent, London, Greater London SW11 1LU",Terraced,"{'imageUrl': 'https://media.rightmove.co.uk/dir/66k/65845/135436475/65845_WND012213880_IMG_00_0000_max_135x100.jpeg', 'mediumImageUrl': 'https://media.rightmove.co.uk/dir/66k/65845/135436475/65845_WND012213880_IMG_00_0000_max_296x197.jpeg', 'count': 18}",True,"{'lat': 51.4622, 'lng': -0.16433}",https://www.rightmove.co.uk/house-prices/details/england-135436475-19761994?s=e33de59bab93e78aaf5d54d6b1f71459abdcc943c7cd40513e01365f2aca9368,5.0,"£1,425,000",22 Apr 2016,Freehold,False,1425000,Parma Crescent,London,76,SW11 1LU,
"76, Parma Crescent, London, Greater London SW11 1LU",Terraced,"{'imageUrl': 'https://media.rightmove.co.uk/dir/66k/65845/135436475/65845_WND012213880_IMG_00_0000_max_135x100.jpeg', 'mediumImageUrl': 'https://media.rightmove.co.uk/dir/66k/65845/135436475/65845_WND012213880_IMG_00_0000_max_296x197.jpeg', 'count': 18}",True,"{'lat': 51.4622, 'lng': -0.16433}",https://www.rightmove.co.uk/house-prices/details/england-135436475-19761994?s=e33de59bab93e78aaf5d54d6b1f71459abdcc943c7cd40513e01365f2aca9368,5.0,"£690,000",17 Feb 2006,Freehold,False,690000,Parma Crescent,London,76,SW11 1LU,
"76, Parma Crescent, London, Greater London SW11 1LU",Terraced,"{'imageUrl': 'https://media.rightmove.co.uk/dir/66k/65845/135436475/65845_WND012213880_IMG_00_0000_max_135x100.jpeg', 'mediumImageUrl': 'https://media.rightmove.co.uk/dir/66k/65845/135436475/65845_WND012213880_IMG_00_0000_max_296x197.jpeg', 'count': 18}",True,"{'lat': 51.4622, 'lng': -0.16433}",https://www.rightmove.co.uk/house-prices/details/england-135436475-19761994?s=e33de59bab93e78aaf5d54d6b1f71459abdcc943c7cd40513e01365f2aca9368,5.0,"£150,000",28 Feb 2002,Freehold,False,150000,Parma Crescent,London,76,SW11 1LU,
"60, Parma Crescent, London, Greater London SW11 1LU",Terraced,"{'imageUrl': 'https://media.rightmove.co.uk/dir/12k/11550/51643402/11550_0099_HRT009904596_IMG_15_0000_max_135x100.jpg', 'mediumImageUrl': 'https://media.rightmove.co.uk/dir/12k/11550/51643402/11550_0099_HRT009904596_IMG_15_0000_max_296x197.jpg', 'count': 7}",True,"{'lat': 51.4622, 'lng': -0.16433}",https://www.rightmove.co.uk/house-prices/details/england-51643402-18404743?s=c84e42972d729fecb3f6dc84c236b7001c3f768456e62c56343dab06997078cc,2.0,"£775,000",24 Mar 2023,Freehold,False,775000,Parma Crescent,London,60,SW11 1LU,
"60, Parma Crescent, London, Greater London SW11 1LU",Terraced,"{'imageUrl': 'https://media.rightmove.co.uk/dir/12k/11550/51643402/11550_0099_HRT009904596_IMG_15_0000_max_135x100.jpg', 'mediumImageUrl': 'https://media.rightmove.co.uk/dir/12k/11550/51643402/11550_0099_HRT009904596_IMG_15_0000_max_296x197.jpg', 'count': 7}",True,"{'lat': 51.4622, 'lng': -0.16433}",https://www.rightmove.co.uk/house-prices/details/england-51643402-18404743?s=c84e42972d729fecb3f6dc84c236b7001c3f768456e62c56343dab06997078cc,2.0,"£620,000",29 Jun 2018,Freehold,False,620000,Parma Crescent,London,60,SW11 1LU,
"Flat B, 73, Parma Crescent, London, Greater London SW11 1LU",Flat,"{'imageUrl': 'https://media.rightmove.co.uk/dir/49k/48862/108558200/48862_BTS130183_IMG_08_0000_max_135x100.jpeg', 'mediumImageUrl': 'https://media.rightmove.co.uk/dir/49k/48862/108558200/48862_BTS130183_IMG_08_0000_max_296x197.jpeg', 'count': 9}",True,"{'lat': 51.4622, 'lng': -0.16433}",https://www.rightmove.co.uk/house-prices/details/england-108558200-18404740?s=5edb30f3b1892dd0d21094b97784d759bf6d210e47de0bb125a35da6fea35684,1.0,"£775,000",17 Mar 2023,Leasehold,False,775000,Parma Crescent,London,73,SW11 1LU,Flat B
"Flat B, 73, Parma Crescent, London, Greater London SW11 1LU",Flat,"{'imageUrl': 'https://media.rightmove.co.uk/dir/49k/48862/108558200/48862_BTS130183_IMG_08_0000_max_135x100.jpeg', 'mediumImageUrl': 'https://media.rightmove.co.uk/dir/49k/48862/108558200/48862_BTS130183_IMG_08_0000_max_296x197.jpeg', 'count': 9}",True,"{'lat': 51.4622, 'lng': -0.16433}",https://www.rightmove.co.uk/house-prices/details/england-108558200-18404740?s=5edb30f3b1892dd0d21094b97784d759bf6d210e47de0bb125a35da6fea35684,1.0,"£480,000",3 Sep 2012,Leasehold,False,480000,Parma Crescent,London,73,SW11 1LU,Flat B
"Flat B, 73, Parma Crescent, London, Greater London SW11 1LU",Flat,"{'imageUrl': 'https://media.rightmove.co.uk/dir/49k/48862/108558200/48862_BTS130183_IMG_08_0000_max_135x100.jpeg', 'mediumImageUrl': 'https://media.rightmove.co.uk/dir/49k/48862/108558200/48862_BTS130183_IMG_08_0000_max_296x197.jpeg', 'count': 9}",True,"{'lat': 51.4622, 'lng': -0.16433}",https://www.rightmove.co.uk/house-prices/details/england-108558200-18404740?s=5edb30f3b1892dd0d21094b97784d759bf6d210e47de0bb125a35da6fea35684,1.0,"£277,500",24 Aug 2005,Leasehold,False,277500,Parma Crescent,London,73,SW11 1LU,Flat B
"Flat B, 73, Parma Crescent, London, Greater London SW11 1LU",Flat,"{'imageUrl': 'https://media.rightmove.co.uk/dir/49k/48862/108558200/48862_BTS130183_IMG_08_0000_max_135x100.jpeg', 'mediumImageUrl': 'https://media.rightmove.co.uk/dir/49k/48862/108558200/48862_BTS130183_IMG_08_0000_max_296x197.jpeg', 'count': 9}",True,"{'lat': 51.4622, 'lng': -0.16433}",https://www.rightmove.co.uk/house-prices/details/england-108558200-18404740?s=5edb30f3b1892dd0d21094b97784d759bf6d210e47de0bb125a35da6fea35684,1.0,"£169,995",16 Sep 1999,Leasehold,False,169995,Parma Crescent,London,73,SW11 1LU,Flat B
"73a, Parma Crescent, London, Greater London SW11 1LU",Flat,"{'imageUrl': 'https://media.rightmove.co.uk/dir/49k/48862/108558200/48862_BTS130183_IMG_08_0000_max_135x100.jpeg', 'mediumImageUrl': 'https://media.rightmove.co.uk/dir/49k/48862/108558200/48862_BTS130183_IMG_08_0000_max_296x197.jpeg', 'count': 9}",True,"{'lat': 51.4622, 'lng': -0.16433}",https://www.rightmove.co.uk/house-prices/details/england-108558200-93452259?s=31289ebd2a79022446340d14b5aae654a1f0e84cad13082d40f3528a11807a6d,1.0,"£540,000",22 Oct 2021,Leasehold,False,540000,Parma Crescent,London,73a,SW11 1LU,
"73a, Parma Crescent, London, Greater London SW11 1LU",Flat,"{'imageUrl': 'https://media.rightmove.co.uk/dir/49k/48862/108558200/48862_BTS130183_IMG_08_0000_max_135x100.jpeg', 'mediumImageUrl': 'https://media.rightmove.co.uk/dir/49k/48862/108558200/48862_BTS130183_IMG_08_0000_max_296x197.jpeg', 'count': 9}",True,"{'lat': 51.4622, 'lng': -0.16433}",https://www.rightmove.co.uk/house-prices/details/england-108558200-93452259?s=31289ebd2a79022446340d14b5aae654a1f0e84cad13082d40f3528a11807a6d,1.0,"£355,000",30 Nov 2007,Leasehold,False,355000,Parma Crescent,London,73a,SW11 1LU,
"73a, Parma Crescent, London, Greater London SW11 1LU",Flat,"{'imageUrl': 'https://media.rightmove.co.uk/dir/49k/48862/108558200/48862_BTS130183_IMG_08_0000_max_135x100.jpeg', 'mediumImageUrl': 'https://media.rightmove.co.uk/dir/49k/48862/108558200/48862_BTS130183_IMG_08_0000_max_296x197.jpeg', 'count': 9}",True,"{'lat': 51.4622, 'lng': -0.16433}",https://www.rightmove.co.uk/house-prices/details/england-108558200-93452259?s=31289ebd2a79022446340d14b5aae654a1f0e84cad13082d40f3528a11807a6d,1.0,"£240,000",22 Jul 2005,Leasehold,False,240000,Parma Crescent,London,73a,SW11 1LU,
"73a, Parma Crescent, London, Greater London SW11 1LU",Flat,"{'imageUrl': 'https://media.rightmove.co.uk/dir/49k/48862/108558200/48862_BTS130183_IMG_08_0000_max_135x100.jpeg', 'mediumImageUrl': 'https://media.rightmove.co.uk/dir/49k/48862/108558200/48862_BTS130183_IMG_08_0000_max_296x197.jpeg', 'count': 9}",True,"{'lat': 51.4622, 'lng': -0.16433}",https://www.rightmove.co.uk/house-prices/details/england-108558200-93452259?s=31289ebd2a79022446340d14b5aae654a1f0e84cad13082d40f3528a11807a6d,1.0,"£179,950",5 Apr 2000,Leasehold,False,179950,Parma Crescent,London,73a,SW11 1LU,
"73a, Parma Crescent, London, Greater London SW11 1LU",Flat,"{'imageUrl': 'https://media.rightmove.co.uk/dir/49k/48862/108558200/48862_BTS130183_IMG_08_0000_max_135x100.jpeg', 'mediumImageUrl': 'https://media.rightmove.co.uk/dir/49k/48862/108558200/48862_BTS130183_IMG_08_0000_max_296x197.jpeg', 'count': 9}",True,"{'lat': 51.4622, 'lng': -0.16433}",https://www.rightmove.co.uk/house-prices/details/england-108558200-93452259?s=31289ebd2a79022446340d14b5aae654a1f0e84cad13082d40f3528a11807a6d,1.0,"£77,000",26 Apr 1996,Leasehold,False,77000,Parma Crescent,London,73a,SW11 1LU,
"Ground Floor Flat, 74, Parma Crescent, London, Greater London SW11 1LU",Flat,"{'imageUrl': 'https://media.rightmove.co.uk/dir/82k/81637/44825678/81637_0620_HRT062000272_IMG_09_0000_max_135x100.jpg', 'mediumImageUrl': 'https://media.rightmove.co.uk/dir/82k/81637/44825678/81637_0620_HRT062000272_IMG_09_0000_max_296x197.jpg', 'count': 8}",False,"{'lat': 51.4622, 'lng': -0.16433}",https://www.rightmove.co.uk/house-prices/details/england-44825678-18404737?s=17519fc9a6eb7674612ba82b5f7b589b86747e9d0442f1e247cbe5017d8393ee,3.0,"£700,000",30 Sep 2021,Leasehold,False,700000,Parma Crescent,London,74,SW11 1LU,Ground Floor Flat
"Ground Floor Flat, 74, Parma Crescent, London, Greater London SW11 1LU",Flat,"{'imageUrl': 'https://media.rightmove.co.uk/dir/82k/81637/44825678/81637_0620_HRT062000272_IMG_09_0000_max_135x100.jpg', 'mediumImageUrl': 'https://media.rightmove.co.uk/dir/82k/81637/44825678/81637_0620_HRT062000272_IMG_09_0000_max_296x197.jpg', 'count': 8}",False,"{'lat': 51.4622, 'lng': -0.16433}",https://www.rightmove.co.uk/house-prices/details/england-44825678-18404737?s=17519fc9a6eb7674612ba82b5f7b589b86747e9d0442f1e247cbe5017d8393ee,3.0,"£378,000",21 Aug 2009,Leasehold,False,378000,Parma Crescent,London,74,SW11 1LU,Ground Floor Flat
"Ground Floor Flat, 74, Parma Crescent, London, Greater London SW11 1LU",Flat,"{'imageUrl': 'https://media.rightmove.co.uk/dir/82k/81637/44825678/81637_0620_HRT062000272_IMG_09_0000_max_135x100.jpg', 'mediumImageUrl': 'https://media.rightmove.co.uk/dir/82k/81637/44825678/81637_0620_HRT062000272_IMG_09_0000_max_296x197.jpg', 'count': 8}",False,"{'lat': 51.4622, 'lng': -0.16433}",https://www.rightmove.co.uk/house-prices/details/england-44825678-18404737?s=17519fc9a6eb7674612ba82b5f7b589b86747e9d0442f1e247cbe5017d8393ee,3.0,"£245,000",25 Feb 2000,Leasehold,False,245000,Parma Crescent,London,74,SW11 1LU,Ground Floor Flat
"55a, Parma Crescent, London, Greater London SW11 1LU",Terraced,"{'imageUrl': 'https://media.rightmove.co.uk/dir/90k/89369/74683398/89369_101052006762_IMG_20_0000_max_135x100.jpg', 'mediumImageUrl': 'https://media.rightmove.co.uk/dir/90k/89369/74683398/89369_101052006762_IMG_20_0000_max_296x197.jpg', 'count': 15}",True,"{'lat': 51.4622, 'lng': -0.16433}",https://www.rightmove.co.uk/house-prices/details/england-74683398-11949220?s=1b6a4c8e0a57b1428091adf1b806c43e748508cefdbd656b360ae51d661e9671,2.0,"£710,000",14 Jan 2021,Leasehold,False,710000,Parma Crescent,London,55a,SW11 1LU,
"55a, Parma Crescent, London, Greater London SW11 1LU",Terraced,"{'imageUrl': 'https://media.rightmove.co.uk/dir/90k/89369/74683398/89369_101052006762_IMG_20_0000_max_135x100.jpg', 'mediumImageUrl': 'https://media.rightmove.co.uk/dir/90k/89369/74683398/89369_101052006762_IMG_20_0000_max_296x197.jpg', 'count': 15}",True,"{'lat': 51.4622, 'lng': -0.16433}",https://www.rightmove.co.uk/house-prices/details/england-74683398-11949220?s=1b6a4c8e0a57b1428091adf1b806c43e748508cefdbd656b360ae51d661e9671,2.0,"£221,000",2 Jul 1999,Leasehold,False,221000,Parma Crescent,London,55a,SW11 1LU,
"63, Parma Crescent, London, Greater London SW11 1LU",Terraced,"{'imageUrl': 'https://media.rightmove.co.uk/dir/90k/89369/60585867/89369_101052007277_IMG_01_0000_max_135x100.jpg', 'mediumImageUrl': 'https://media.rightmove.co.uk/dir/90k/89369/60585867/89369_101052007277_IMG_01_0000_max_296x197.jpg', 'count': 13}",True,"{'lat': 51.4622, 'lng': -0.16433}",https://www.rightmove.co.uk/house-prices/details/england-60585867-11183467?s=d01959ce7b511a879e1ded1e49f86863a3cdbd002e323b4d6b5b7308a29102a3,4.0,"£1,215,000",24 Jul 2019,Freehold,False,1215000,Parma Crescent,London,63,SW11 1LU,
"63, Parma Crescent, London, Greater London SW11 1LU",Terraced,"{'imageUrl': 'https://media.rightmove.co.uk/dir/90k/89369/60585867/89369_101052007277_IMG_01_0000_max_135x100.jpg', 'mediumImageUrl': 'https://media.rightmove.co.uk/dir/90k/89369/60585867/89369_101052007277_IMG_01_0000_max_296x197.jpg', 'count': 13}",True,"{'lat': 51.4622, 'lng': -0.16433}",https://www.rightmove.co.uk/house-prices/details/england-60585867-11183467?s=d01959ce7b511a879e1ded1e49f86863a3cdbd002e323b4d6b5b7308a29102a3,4.0,"£950,000",2 Aug 2013,Freehold,False,950000,Parma Crescent,London,63,SW11 1LU,
"63, Parma Crescent, London, Greater London SW11 1LU",Terraced,"{'imageUrl': 'https://media.rightmove.co.uk/dir/90k/89369/60585867/89369_101052007277_IMG_01_0000_max_135x100.jpg', 'mediumImageUrl': 'https://media.rightmove.co.uk/dir/90k/89369/60585867/89369_101052007277_IMG_01_0000_max_296x197.jpg', 'count': 13}",True,"{'lat': 51.4622, 'lng': -0.16433}",https://www.rightmove.co.uk/house-prices/details/england-60585867-11183467?s=d01959ce7b511a879e1ded1e49f86863a3cdbd002e323b4d6b5b7308a29102a3,4.0,"£495,000",15 Jan 2004,Freehold,False,495000,Parma Crescent,London,63,SW11 1LU,
"63, Parma Crescent, London, Greater London SW11 1LU",Terraced,"{'imageUrl': 'https://media.rightmove.co.uk/dir/90k/89369/60585867/89369_101052007277_IMG_01_0000_max_135x100.jpg', 'mediumImageUrl': 'https://media.rightmove.co.uk/dir/90k/89369/60585867/89369_101052007277_IMG_01_0000_max_296x197.jpg', 'count': 13}",True,"{'lat': 51.4622, 'lng': -0.16433}",https://www.rightmove.co.uk/house-prices/details/england-60585867-11183467?s=d01959ce7b511a879e1ded1e49f86863a3cdbd002e323b4d6b5b7308a29102a3,4.0,"£249,000",26 Apr 1999,Freehold,False,249000,Parma Crescent,London,63,SW11 1LU,
"56, Parma Crescent, London, Greater London SW11 1LU",Terraced,"{'imageUrl': 'https://media.rightmove.co.uk/dir/45k/44538/47991222/44538_BPS170002_L_IMG_01_0000_max_135x100.jpg', 'mediumImageUrl': 'https://media.rightmove.co.uk/dir/45k/44538/47991222/44538_BPS170002_L_IMG_01_0000_max_296x197.jpg', 'count': 7}",True,"{'lat': 51.4622, 'lng': -0.16433}",https://www.rightmove.co.uk/house-prices/details/england-47991222-78244719?s=7b3161662bc7347ede48b05734760a47ebc1f4e6fb1440ef2aa320de5ad57fea,3.0,"£1,085,000",23 Mar 2016,Freehold,False,1085000,Parma Crescent,London,56,SW11 1LU,
"75, Parma Crescent, London, Greater London SW11 1LU",Terraced,"{'imageUrl': 'https://media.rightmove.co.uk/dir/53k/52507/22479412/52507_50433S_IMG_00_0000_max_135x100.JPG', 'mediumImageUrl': 'https://media.rightmove.co.uk/dir/53k/52507/22479412/52507_50433S_IMG_00_0000_max_296x197.JPG', 'count': 9}",True,"{'lat': 51.4622, 'lng': -0.16433}",https://www.rightmove.co.uk/house-prices/details/england-22479412-78244716?s=ea51c7599e2766ce7b93731e226e3f30d622cb83ae7035f8a3ceb15508d62001,4.0,"£1,250,000",11 Oct 2013,Freehold,False,1250000,Parma Crescent,London,75,SW11 1LU,
"75, Parma Crescent, London, Greater London SW11 1LU",Terraced,"{'imageUrl': 'https://media.rightmove.co.uk/dir/53k/52507/22479412/52507_50433S_IMG_00_0000_max_135x100.JPG', 'mediumImageUrl': 'https://media.rightmove.co.uk/dir/53k/52507/22479412/52507_50433S_IMG_00_0000_max_296x197.JPG', 'count': 9}",True,"{'lat': 51.4622, 'lng': -0.16433}",https://www.rightmove.co.uk/house-prices/details/england-22479412-78244716?s=ea51c7599e2766ce7b93731e226e3f30d622cb83ae7035f8a3ceb15508d62001,4.0,"£760,000",1 Jul 2009,Freehold,False,760000,Parma Crescent,London,75,SW11 1LU,
"75, Parma Crescent, London, Greater London SW11 1LU",Terraced,"{'imageUrl': 'https://media.rightmove.co.uk/dir/53k/52507/22479412/52507_50433S_IMG_00_0000_max_135x100.JPG', 'mediumImageUrl': 'https://media.rightmove.co.uk/dir/53k/52507/22479412/52507_50433S_IMG_00_0000_max_296x197.JPG', 'count': 9}",True,"{'lat': 51.4622, 'lng': -0.16433}",https://www.rightmove.co.uk/house-prices/details/england-22479412-78244716?s=ea51c7599e2766ce7b93731e226e3f30d622cb83ae7035f8a3ceb15508d62001,4.0,"£655,000",31 Jul 2006,Freehold,False,655000,Parma Crescent,London,75,SW11 1LU,
"75, Parma Crescent, London, Greater London SW11 1LU",Terraced,"{'imageUrl': 'https://media.rightmove.co.uk/dir/53k/52507/22479412/52507_50433S_IMG_00_0000_max_135x100.JPG', 'mediumImageUrl': 'https://media.rightmove.co.uk/dir/53k/52507/22479412/52507_50433S_IMG_00_0000_max_296x197.JPG', 'count': 9}",True,"{'lat': 51.4622, 'lng': -0.16433}",https://www.rightmove.co.uk/house-prices/details/england-22479412-78244716?s=ea51c7599e2766ce7b93731e226e3f30d622cb83ae7035f8a3ceb15508d62001,4.0,"£370,000",15 Jan 1999,Freehold,False,370000,Parma Crescent,London,75,SW11 1LU,
"75, Parma Crescent, London, Greater London SW11 1LU",Terraced,"{'imageUrl': 'https://media.rightmove.co.uk/dir/53k/52507/22479412/52507_50433S_IMG_00_0000_max_135x100.JPG', 'mediumImageUrl': 'https://media.rightmove.co.uk/dir/53k/52507/22479412/52507_50433S_IMG_00_0000_max_296x197.JPG', 'count': 9}",True,"{'lat': 51.4622, 'lng': -0.16433}",https://www.rightmove.co.uk/house-prices/details/england-22479412-78244716?s=ea51c7599e2766ce7b93731e226e3f30d622cb83ae7035f8a3ceb15508d62001,4.0,"£239,000",18 Aug 1997,Freehold,False,239000,Parma Crescent,London,75,SW11 1LU,
"62, Parma Crescent, London, Greater London SW11 1LU",Terraced,"{'imageUrl': 'https://media.rightmove.co.uk/dir/45k/44538/143895275/44538_WBL100062_L_IMG_00_0000_max_135x100.jpeg', 'mediumImageUrl': 'https://media.rightmove.co.uk/dir/45k/44538/143895275/44538_WBL100062_L_IMG_00_0000_max_296x197.jpeg', 'count': 10}",True,"{'lat': 51.4622, 'lng': -0.16433}",https://www.rightmove.co.uk/house-prices/details/england-143895275-78244698?s=5503e9cd518a0f5543900d311fb9f4b8d6bc9f652dfc8fe7bde3ce90fc5add61,4.0,"£575,000",7 Sep 2007,Freehold,False,575000,Parma Crescent,London,62,SW11 1LU,
"62, Parma Crescent, London, Greater London SW11 1LU",Terraced,"{'imageUrl': 'https://media.rightmove.co.uk/dir/45k/44538/143895275/44538_WBL100062_L_IMG_00_0000_max_135x100.jpeg', 'mediumImageUrl': 'https://media.rightmove.co.uk/dir/45k/44538/143895275/44538_WBL100062_L_IMG_00_0000_max_296x197.jpeg', 'count': 10}",True,"{'lat': 51.4622, 'lng': -0.16433}",https://www.rightmove.co.uk/house-prices/details/england-143895275-78244698?s=5503e9cd518a0f5543900d311fb9f4b8d6bc9f652dfc8fe7bde3ce90fc5add61,4.0,"£230,000",17 Jun 1999,Freehold,False,230000,Parma Crescent,London,62,SW11 1LU,
"57, Parma Crescent, London, Greater London SW11 1LU",Terraced,"{'imageUrl': 'https://media.rightmove.co.uk/dir/73k/72050/35198736/72050_25676123_IMG_01_0000_max_135x100.jpg', 'mediumImageUrl': 'https://media.rightmove.co.uk/dir/73k/72050/35198736/72050_25676123_IMG_01_0000_max_296x197.jpg', 'count': 8}",True,"{'lat': 51.4622, 'lng': -0.16433}",https://www.rightmove.co.uk/house-prices/details/england-35198736-78244692?s=b9d82ec2941a9a6eb19d4a83fcc487fb736574b2db8af533b282188aa2ef0afb,4.0,"£517,500",3 Jul 2006,Freehold,False,517500,Parma Crescent,London,57,SW11 1LU,
"57, Parma Crescent, London, Greater London SW11 1LU",Terraced,"{'imageUrl': 'https://media.rightmove.co.uk/dir/73k/72050/35198736/72050_25676123_IMG_01_0000_max_135x100.jpg', 'mediumImageUrl': 'https://media.rightmove.co.uk/dir/73k/72050/35198736/72050_25676123_IMG_01_0000_max_296x197.jpg', 'count': 8}",True,"{'lat': 51.4622, 'lng': -0.16433}",https://www.rightmove.co.uk/house-prices/details/england-35198736-78244692?s=b9d82ec2941a9a6eb19d4a83fcc487fb736574b2db8af533b282188aa2ef0afb,4.0,"£267,000",25 Jun 1999,Freehold,False,267000,Parma Crescent,London,57,SW11 1LU,
"57, Parma Crescent, London, Greater London SW11 1LU",Terraced,"{'imageUrl': 'https://media.rightmove.co.uk/dir/73k/72050/35198736/72050_25676123_IMG_01_0000_max_135x100.jpg', 'mediumImageUrl': 'https://media.rightmove.co.uk/dir/73k/72050/35198736/72050_25676123_IMG_01_0000_max_296x197.jpg', 'count': 8}",True,"{'lat': 51.4622, 'lng': -0.16433}",https://www.rightmove.co.uk/house-prices/details/england-35198736-78244692?s=b9d82ec2941a9a6eb19d4a83fcc487fb736574b2db8af533b282188aa2ef0afb,4.0,"£180,000",6 Sep 1996,Freehold,False,180000,Parma Crescent,London,57,SW11 1LU,
"67, Parma Crescent, London, Greater London SW11 1LU",Terraced,"{'imageUrl': '/spw/images/placeholder/no-image.svg', 'mediumImageUrl': '/spw/images/placeholder/no-image.svg', 'count': 0}",False,"{'lat': 51.4622, 'lng': -0.16433}",https://www.rightmove.co.uk/house-prices/details/england-78244689?s=df8625c5e9a0e7fbb068c6374b3cdac8a9b1d9f11d7764c47bcddf0194b16043,,"£575,000",23 Jun 2006,Freehold,False,575000,Parma Crescent,London,67,SW11 1LU,
"67, Parma Crescent, London, Greater London SW11 1LU",Terraced,"{'imageUrl': '/spw/images/placeholder/no-image.svg', 'mediumImageUrl': '/spw/images/placeholder/no-image.svg', 'count': 0}",False,"{'lat': 51.4622, 'lng': -0.16433}",https://www.rightmove.co.uk/house-prices/details/england-78244689?s=df8625c5e9a0e7fbb068c6374b3cdac8a9b1d9f11d7764c47bcddf0194b16043,,"£463,252",9 May 2002,Freehold,False,463252,Parma Crescent,London,67,SW11 1LU,
"67, Parma Crescent, London, Greater London SW11 1LU",Terraced,"{'imageUrl': '/spw/images/placeholder/no-image.svg', 'mediumImageUrl': '/spw/images/placeholder/no-image.svg', 'count': 0}",False,"{'lat': 51.4622, 'lng': -0.16433}",https://www.rightmove.co.uk/house-prices/details/england-78244689?s=df8625c5e9a0e7fbb068c6374b3cdac8a9b1d9f11d7764c47bcddf0194b16043,,"£250,000",19 Dec 1997,Freehold,False,250000,Parma Crescent,London,67,SW11 1LU,
"67, Parma Crescent, London, Greater London SW11 1LU",Terraced,"{'imageUrl': '/spw/images/placeholder/no-image.svg', 'mediumImageUrl': '/spw/images/placeholder/no-image.svg', 'count': 0}",False,"{'lat': 51.4622, 'lng': -0.16433}",https://www.rightmove.co.uk/house-prices/details/england-78244689?s=df8625c5e9a0e7fbb068c6374b3cdac8a9b1d9f11d7764c47bcddf0194b16043,,"£168,000",3 May 1996,Freehold,False,168000,Parma Crescent,London,67,SW11 1LU,
"Ground Floor Flat, 64, Parma Crescent, London, Greater London SW11 1LU",Flat,"{'imageUrl': 'https://media.rightmove.co.uk/dir/57k/56903/71531078/56903_Parmacrescent64a_IMG_00_0000_max_135x100.jpg', 'mediumImageUrl': 'https://media.rightmove.co.uk/dir/57k/56903/71531078/56903_Parmacrescent64a_IMG_00_0000_max_296x197.jpg', 'count': 7}",False,"{'lat': 51.4622, 'lng': -0.16433}",https://www.rightmove.co.uk/house-prices/details/england-71531078-78244674?s=b629503526acd3d335e9dcd0f6e05d77239ab8ef2adef3b575e44fa009845f60,2.0,"£250,000",1 Dec 2003,Leasehold,False,250000,Parma Crescent,London,64,SW11 1LU,Ground Floor Flat
"Ground Floor Flat, 64, Parma Crescent, London, Greater London SW11 1LU",Flat,"{'imageUrl': 'https://media.rightmove.co.uk/dir/57k/56903/71531078/56903_Parmacrescent64a_IMG_00_0000_max_135x100.jpg', 'mediumImageUrl': 'https://media.rightmove.co.uk/dir/57k/56903/71531078/56903_Parmacrescent64a_IMG_00_0000_max_296x197.jpg', 'count': 7}",False,"{'lat': 51.4622, 'lng': -0.16433}",https://www.rightmove.co.uk/house-prices/details/england-71531078-78244674?s=b629503526acd3d335e9dcd0f6e05d77239ab8ef2adef3b575e44fa009845f60,2.0,"£144,000",11 Sep 1998,Leasehold,False,144000,Parma Crescent,London,64,SW11 1LU,Ground Floor Flat
"55, Parma Crescent, London, Greater London SW11 1LU",Flat,"{'imageUrl': 'https://media.rightmove.co.uk/dir/45k/44538/45255416/44538_R98346_IMG_00_0000_max_135x100.jpg', 'mediumImageUrl': 'https://media.rightmove.co.uk/dir/45k/44538/45255416/44538_R98346_IMG_00_0000_max_296x197.jpg', 'count': 3}",False,"{'lat': 51.4622, 'lng': -0.16433}",https://www.rightmove.co.uk/house-prices/details/england-45255416-78244671?s=d1b2f219b12a2c38352841aa1404dfc79ab0438180a2a84916fd687640b6e0ea,2.0,"£300,000",4 Jul 2003,Leasehold,False,300000,Parma Crescent,London,55,SW11 1LU,
"55, Parma Crescent, London, Greater London SW11 1LU",Flat,"{'imageUrl': 'https://media.rightmove.co.uk/dir/45k/44538/45255416/44538_R98346_IMG_00_0000_max_135x100.jpg', 'mediumImageUrl': 'https://media.rightmove.co.uk/dir/45k/44538/45255416/44538_R98346_IMG_00_0000_max_296x197.jpg', 'count': 3}",False,"{'lat': 51.4622, 'lng': -0.16433}",https://www.rightmove.co.uk/house-prices/details/england-45255416-78244671?s=d1b2f219b12a2c38352841aa1404dfc79ab0438180a2a84916fd687640b6e0ea,2.0,"£197,500",16 Oct 1998,Leasehold,False,197500,Parma Crescent,London,55,SW11 1LU,
"55, Parma Crescent, London, Greater London SW11 1LU",Flat,"{'imageUrl': 'https://media.rightmove.co.uk/dir/45k/44538/45255416/44538_R98346_IMG_00_0000_max_135x100.jpg', 'mediumImageUrl': 'https://media.rightmove.co.uk/dir/45k/44538/45255416/44538_R98346_IMG_00_0000_max_296x197.jpg', 'count': 3}",False,"{'lat': 51.4622, 'lng': -0.16433}",https://www.rightmove.co.uk/house-prices/details/england-45255416-78244671?s=d1b2f219b12a2c38352841aa1404dfc79ab0438180a2a84916fd687640b6e0ea,2.0,"£91,200",18 Aug 1995,Leasehold,False,91200,Parma Crescent,London,55,SW11 1LU,
"68, Parma Crescent, London, Greater London SW11 1LU",Terraced,"{'imageUrl': '/spw/images/placeholder/no-image.svg', 'mediumImageUrl': '/spw/images/placeholder/no-image.svg', 'count': 0}",False,"{'lat': 51.4622, 'lng': -0.16433}",https://www.rightmove.co.uk/house-prices/details/england-78244668?s=a6c4bb4c67bd1fc873aebac78511a8132547c13a3824d9d3909f778e18c267c1,,"£480,000",20 Dec 2002,Freehold,False,480000,Parma Crescent,London,68,SW11 1LU,
"68, Parma Crescent, London, Greater London SW11 1LU",Terraced,"{'imageUrl': '/spw/images/placeholder/no-image.svg', 'mediumImageUrl': '/spw/images/placeholder/no-image.svg', 'count': 0}",False,"{'lat': 51.4622, 'lng': -0.16433}",https://www.rightmove.co.uk/house-prices/details/england-78244668?s=a6c4bb4c67bd1fc873aebac78511a8132547c13a3824d9d3909f778e18c267c1,,"£380,000",27 Jan 2000,Freehold,False,380000,Parma Crescent,London,68,SW11 1LU,
"68, Parma Crescent, London, Greater London SW11 1LU",Terraced,"{'imageUrl': '/spw/images/placeholder/no-image.svg', 'mediumImageUrl': '/spw/images/placeholder/no-image.svg', 'count': 0}",False,"{'lat': 51.4622, 'lng': -0.16433}",https://www.rightmove.co.uk/house-prices/details/england-78244668?s=a6c4bb4c67bd1fc873aebac78511a8132547c13a3824d9d3909f778e18c267c1,,"£265,000",24 Oct 1997,Freehold,False,265000,Parma Crescent,London,68,SW11 1LU,
"68, Parma Crescent, London, Greater London SW11 1LU",Terraced,"{'imageUrl': '/spw/images/placeholder/no-image.svg', 'mediumImageUrl': '/spw/images/placeholder/no-image.svg', 'count': 0}",False,"{'lat': 51.4622, 'lng': -0.16433}",https://www.rightmove.co.uk/house-prices/details/england-78244668?s=a6c4bb4c67bd1fc873aebac78511a8132547c13a3824d9d3909f778e18c267c1,,"£165,000",28 Jun 1996,Freehold,False,165000,Parma Crescent,London,68,SW11 1LU,
"Top Floor Flat, 74, Parma Crescent, London, Greater London SW11 1LU",Flat,"{'imageUrl': 'https://media.rightmove.co.uk/dir/82k/81637/44825678/81637_0620_HRT062000272_IMG_09_0000_max_135x100.jpg', 'mediumImageUrl': 'https://media.rightmove.co.uk/dir/82k/81637/44825678/81637_0620_HRT062000272_IMG_09_0000_max_296x197.jpg', 'count': 8}",False,"{'lat': 51.4622, 'lng': -0.16433}",https://www.rightmove.co.uk/house-prices/details/england-44825678-78244665?s=1ebfc99cb65733761c17ea13bfc076919c22d3ecb226c97f123d3e8adff5d28a,3.0,"£275,000",17 Jun 2002,Leasehold,False,275000,Parma Crescent,London,74,SW11 1LU,Top Floor Flat
"Top Floor Flat, 74, Parma Crescent, London, Greater London SW11 1LU",Flat,"{'imageUrl': 'https://media.rightmove.co.uk/dir/82k/81637/44825678/81637_0620_HRT062000272_IMG_09_0000_max_135x100.jpg', 'mediumImageUrl': 'https://media.rightmove.co.uk/dir/82k/81637/44825678/81637_0620_HRT062000272_IMG_09_0000_max_296x197.jpg', 'count': 8}",False,"{'lat': 51.4622, 'lng': -0.16433}",https://www.rightmove.co.uk/house-prices/details/england-44825678-78244665?s=1ebfc99cb65733761c17ea13bfc076919c22d3ecb226c97f123d3e8adff5d28a,3.0,"£124,500",15 Nov 1996,Leasehold,False,124500,Parma Crescent,London,74,SW11 1LU,Top Floor Flat
"69, Parma Crescent, London, Greater London SW11 1LU",Terraced,"{'imageUrl': '/spw/images/placeholder/no-image.svg', 'mediumImageUrl': '/spw/images/placeholder/no-image.svg', 'count': 0}",False,"{'lat': 51.4622, 'lng': -0.16433}",https://www.rightmove.co.uk/house-prices/details/england-78244656?s=2405e20ac96902a9b184ed51691c3e7dc9cdf372fc76dc944904931f77805e4b,,"£425,000",10 May 2001,Freehold,False,425000,Parma Crescent,London,69,SW11 1LU,
"71, Parma Crescent, London, Greater London SW11 1LU",Terraced,"{'imageUrl': 'https://media.rightmove.co.uk/dir/58k/57907/137644076/57907_P217062_IMG_00_0000_max_135x100.jpeg', 'mediumImageUrl': 'https://media.rightmove.co.uk/dir/58k/57907/137644076/57907_P217062_IMG_00_0000_max_296x197.jpeg', 'count': 1}",False,"{'lat': 51.4622, 'lng': -0.16433}",https://www.rightmove.co.uk/house-prices/details/england-137644076-78244620?s=15cc55532fe86bf5dd1b0c05f004bd41d9f92687f744710786446ed137394739,4.0,"£235,000",8 May 1998,Freehold,False,235000,Parma Crescent,London,71,SW11 1LU,
"64b, Parma Crescent, London, Greater London SW11 1LU",Flat,"{'imageUrl': 'https://media.rightmove.co.uk/dir/57k/56903/71531078/56903_Parmacrescent64a_IMG_00_0000_max_135x100.jpg', 'mediumImageUrl': 'https://media.rightmove.co.uk/dir/57k/56903/71531078/56903_Parmacrescent64a_IMG_00_0000_max_296x197.jpg', 'count': 7}",False,"{'lat': 51.4622, 'lng': -0.16433}",https://www.rightmove.co.uk/house-prices/details/england-71531078-78244608?s=f1db0b44169f9d128ce96c5c2204af1abbfceaac8e589b11a647dce7ee798893,2.0,"£155,000",9 May 1997,Leasehold,False,155000,Parma Crescent,London,64b,SW11 1LU,
