address,propertyType,images,hasFloorPlan,location,detailUrl,displayPrice,dateSold,tenure,newBuild,numericPrice,address_1,address_2,address_3,address_4,number,postcode
"8, Morley Mills, Morley Street, Daybrook, Nottingham, Nottinghamshire NG5 6JL",Flat,"{'imageUrl': '/spw/images/placeholder/no-image.svg', 'mediumImageUrl': '/spw/images/placeholder/no-image.svg', 'count': 0}",False,"{'lat': 52.99703, 'lng': -1.13713}",https://www.rightmove.co.uk/house-prices/details/england-21191902?s=7676e6dc4830fb189f82798f8418248b8845db802f58a0c5dab7f7019b74b628,"£191,000",15 Jul 2024,Leasehold,False,191000,Morley Mills,Morley Street,Daybrook,Nottingham,8,NG5 6JL
"8, Morley Mills, Morley Street, Daybrook, Nottingham, Nottinghamshire NG5 6JL",Flat,"{'imageUrl': '/spw/images/placeholder/no-image.svg', 'mediumImageUrl': '/spw/images/placeholder/no-image.svg', 'count': 0}",False,"{'lat': 52.99703, 'lng': -1.13713}",https://www.rightmove.co.uk/house-prices/details/england-21191902?s=7676e6dc4830fb189f82798f8418248b8845db802f58a0c5dab7f7019b74b628,"£156,000",12 Apr 2019,Leasehold,False,156000,Morley Mills,Morley Street,Daybrook,Nottingham,8,NG5 6JL
"8, Morley Mills, Morley Street, Daybrook, Nottingham, Nottinghamshire NG5 6JL",Flat,"{'imageUrl': '/spw/images/placeholder/no-image.svg', 'mediumImageUrl': '/spw/images/placeholder/no-image.svg', 'count': 0}",False,"{'lat': 52.99703, 'lng': -1.13713}",https://www.rightmove.co.uk/house-prices/details/england-21191902?s=7676e6dc4830fb189f82798f8418248b8845db802f58a0c5dab7f7019b74b628,"£140,000",14 Aug 2015,Leasehold,False,140000,Morley Mills,Morley Street,Daybrook,Nottingham,8,NG5 6JL
"8, Morley Mills, Morley Street, Daybrook, Nottingham, Nottinghamshire NG5 6JL",Flat,"{'imageUrl': '/spw/images/placeholder/no-image.svg', 'mediumImageUrl': '/spw/images/placeholder/no-image.svg', 'count': 0}",False,"{'lat': 52.99703, 'lng': -1.13713}",https://www.rightmove.co.uk/house-prices/details/england-21191902?s=7676e6dc4830fb189f82798f8418248b8845db802f58a0c5dab7f7019b74b628,"£135,730",2 Aug 2013,Leasehold,False,135730,Morley Mills,Morley Street,Daybrook,Nottingham,8,NG5 6JL
"8, Morley Mills, Morley Street, Daybrook, Nottingham, Nottinghamshire NG5 6JL",Flat,"{'imageUrl': '/spw/images/placeholder/no-image.svg', 'mediumImageUrl': '/spw/images/placeholder/no-image.svg', 'count': 0}",False,"{'lat': 52.99703, 'lng': -1.13713}",https://www.rightmove.co.uk/house-prices/details/england-21191902?s=7676e6dc4830fb189f82798f8418248b8845db802f58a0c5dab7f7019b74b628,"£110,000",21 Jun 2001,Leasehold,False,110000,Morley Mills,Morley Street,Daybrook,Nottingham,8,NG5 6JL
"55, Morley Mills, Morley Street, Daybrook, Nottingham, Nottinghamshire NG5 6JL",Flat,"{'imageUrl': '/spw/images/placeholder/no-image.svg', 'mediumImageUrl': '/spw/images/placeholder/no-image.svg', 'count': 0}",False,"{'lat': 52.99703, 'lng': -1.13713}",https://www.rightmove.co.uk/house-prices/details/england-20917567?s=abd93d160bc785f9c53856057fdee7307f4d58ddd17c800fd108ed4bd04aedaf,"£152,500",31 May 2024,Leasehold,False,152500,Morley Mills,Morley Street,Daybrook,Nottingham,55,NG5 6JL
"55, Morley Mills, Morley Street, Daybrook, Nottingham, Nottinghamshire NG5 6JL",Flat,"{'imageUrl': '/spw/images/placeholder/no-image.svg', 'mediumImageUrl': '/spw/images/placeholder/no-image.svg', 'count': 0}",False,"{'lat': 52.99703, 'lng': -1.13713}",https://www.rightmove.co.uk/house-prices/details/england-20917567?s=abd93d160bc785f9c53856057fdee7307f4d58ddd17c800fd108ed4bd04aedaf,"£132,500",12 Mar 2018,Leasehold,False,132500,Morley Mills,Morley Street,Daybrook,Nottingham,55,NG5 6JL
"55, Morley Mills, Morley Street, Daybrook, Nottingham, Nottinghamshire NG5 6JL",Flat,"{'imageUrl': '/spw/images/placeholder/no-image.svg', 'mediumImageUrl': '/spw/images/placeholder/no-image.svg', 'count': 0}",False,"{'lat': 52.99703, 'lng': -1.13713}",https://www.rightmove.co.uk/house-prices/details/england-20917567?s=abd93d160bc785f9c53856057fdee7307f4d58ddd17c800fd108ed4bd04aedaf,"£120,000",29 Apr 2005,Leasehold,False,120000,Morley Mills,Morley Street,Daybrook,Nottingham,55,NG5 6JL
"55, Morley Mills, Morley Street, Daybrook, Nottingham, Nottinghamshire NG5 6JL",Flat,"{'imageUrl': '/spw/images/placeholder/no-image.svg', 'mediumImageUrl': '/spw/images/placeholder/no-image.svg', 'count': 0}",False,"{'lat': 52.99703, 'lng': -1.13713}",https://www.rightmove.co.uk/house-prices/details/england-20917567?s=abd93d160bc785f9c53856057fdee7307f4d58ddd17c800fd108ed4bd04aedaf,"£70,000",19 Sep 2001,Leasehold,False,70000,Morley Mills,Morley Street,Daybrook,Nottingham,55,NG5 6JL
"24, Morley Mills, Morley Street, Daybrook, Nottingham, Nottinghamshire NG5 6JL",Flat,"{'imageUrl': '/spw/images/placeholder/no-image.svg', 'mediumImageUrl': '/spw/images/placeholder/no-image.svg', 'count': 0}",False,"{'lat': 52.99703, 'lng': -1.13713}",https://www.rightmove.co.uk/house-prices/details/england-19498087?s=6053157fe63b6179ec6850ac1e801ce7d0aa7505175c83f9944b1e7865c372e3,"£125,000",12 Sep 2023,Leasehold,False,125000,Morley Mills,Morley Street,Daybrook,Nottingham,24,NG5 6JL
"24, Morley Mills, Morley Street, Daybrook, Nottingham, Nottinghamshire NG5 6JL",Flat,"{'imageUrl': '/spw/images/placeholder/no-image.svg', 'mediumImageUrl': '/spw/images/placeholder/no-image.svg', 'count': 0}",False,"{'lat': 52.99703, 'lng': -1.13713}",https://www.rightmove.co.uk/house-prices/details/england-19498087?s=6053157fe63b6179ec6850ac1e801ce7d0aa7505175c83f9944b1e7865c372e3,"£100,500",28 May 2004,Leasehold,False,100500,Morley Mills,Morley Street,Daybrook,Nottingham,24,NG5 6JL
"24, Morley Mills, Morley Street, Daybrook, Nottingham, Nottinghamshire NG5 6JL",Flat,"{'imageUrl': '/spw/images/placeholder/no-image.svg', 'mediumImageUrl': '/spw/images/placeholder/no-image.svg', 'count': 0}",False,"{'lat': 52.99703, 'lng': -1.13713}",https://www.rightmove.co.uk/house-prices/details/england-19498087?s=6053157fe63b6179ec6850ac1e801ce7d0aa7505175c83f9944b1e7865c372e3,"£70,000",29 Jun 2001,Leasehold,False,70000,Morley Mills,Morley Street,Daybrook,Nottingham,24,NG5 6JL
"42, Morley Mills, Morley Street, Daybrook, Nottingham, Nottinghamshire NG5 6JL",Flat,"{'imageUrl': '/spw/images/placeholder/no-image.svg', 'mediumImageUrl': '/spw/images/placeholder/no-image.svg', 'count': 0}",False,"{'lat': 52.99703, 'lng': -1.13713}",https://www.rightmove.co.uk/house-prices/details/england-18341176?s=b129ff488e213d83db26be2c5d7e8b6d21799b5b068157a99be6b613d3c7fe72,"£188,000",20 Mar 2023,Leasehold,False,188000,Morley Mills,Morley Street,Daybrook,Nottingham,42,NG5 6JL
"42, Morley Mills, Morley Street, Daybrook, Nottingham, Nottinghamshire NG5 6JL",Flat,"{'imageUrl': '/spw/images/placeholder/no-image.svg', 'mediumImageUrl': '/spw/images/placeholder/no-image.svg', 'count': 0}",False,"{'lat': 52.99703, 'lng': -1.13713}",https://www.rightmove.co.uk/house-prices/details/england-18341176?s=b129ff488e213d83db26be2c5d7e8b6d21799b5b068157a99be6b613d3c7fe72,"£151,500",17 May 2019,Leasehold,False,151500,Morley Mills,Morley Street,Daybrook,Nottingham,42,NG5 6JL
"42, Morley Mills, Morley Street, Daybrook, Nottingham, Nottinghamshire NG5 6JL",Flat,"{'imageUrl': '/spw/images/placeholder/no-image.svg', 'mediumImageUrl': '/spw/images/placeholder/no-image.svg', 'count': 0}",False,"{'lat': 52.99703, 'lng': -1.13713}",https://www.rightmove.co.uk/house-prices/details/england-18341176?s=b129ff488e213d83db26be2c5d7e8b6d21799b5b068157a99be6b613d3c7fe72,"£150,000",28 Feb 2018,Leasehold,False,150000,Morley Mills,Morley Street,Daybrook,Nottingham,42,NG5 6JL
"42, Morley Mills, Morley Street, Daybrook, Nottingham, Nottinghamshire NG5 6JL",Flat,"{'imageUrl': '/spw/images/placeholder/no-image.svg', 'mediumImageUrl': '/spw/images/placeholder/no-image.svg', 'count': 0}",False,"{'lat': 52.99703, 'lng': -1.13713}",https://www.rightmove.co.uk/house-prices/details/england-18341176?s=b129ff488e213d83db26be2c5d7e8b6d21799b5b068157a99be6b613d3c7fe72,"£130,000",9 Jul 2010,Leasehold,False,130000,Morley Mills,Morley Street,Daybrook,Nottingham,42,NG5 6JL
"42, Morley Mills, Morley Street, Daybrook, Nottingham, Nottinghamshire NG5 6JL",Flat,"{'imageUrl': '/spw/images/placeholder/no-image.svg', 'mediumImageUrl': '/spw/images/placeholder/no-image.svg', 'count': 0}",False,"{'lat': 52.99703, 'lng': -1.13713}",https://www.rightmove.co.uk/house-prices/details/england-18341176?s=b129ff488e213d83db26be2c5d7e8b6d21799b5b068157a99be6b613d3c7fe72,"£151,000",22 Apr 2004,Leasehold,False,151000,Morley Mills,Morley Street,Daybrook,Nottingham,42,NG5 6JL
"42, Morley Mills, Morley Street, Daybrook, Nottingham, Nottinghamshire NG5 6JL",Flat,"{'imageUrl': '/spw/images/placeholder/no-image.svg', 'mediumImageUrl': '/spw/images/placeholder/no-image.svg', 'count': 0}",False,"{'lat': 52.99703, 'lng': -1.13713}",https://www.rightmove.co.uk/house-prices/details/england-18341176?s=b129ff488e213d83db26be2c5d7e8b6d21799b5b068157a99be6b613d3c7fe72,"£105,000",31 Jan 2002,Leasehold,False,105000,Morley Mills,Morley Street,Daybrook,Nottingham,42,NG5 6JL
"4, Morley Mills, Morley Street, Daybrook, Nottingham, Nottinghamshire NG5 6JL",Flat,"{'imageUrl': '/spw/images/placeholder/no-image.svg', 'mediumImageUrl': '/spw/images/placeholder/no-image.svg', 'count': 0}",False,"{'lat': 52.99703, 'lng': -1.13713}",https://www.rightmove.co.uk/house-prices/details/england-17459269?s=a97ddd35242229adf211d8eda9538ed2697b9e5eba87687d44ae53016bfdcee5,"£180,000",20 Dec 2022,Leasehold,False,180000,Morley Mills,Morley Street,Daybrook,Nottingham,4,NG5 6JL
"4, Morley Mills, Morley Street, Daybrook, Nottingham, Nottinghamshire NG5 6JL",Flat,"{'imageUrl': '/spw/images/placeholder/no-image.svg', 'mediumImageUrl': '/spw/images/placeholder/no-image.svg', 'count': 0}",False,"{'lat': 52.99703, 'lng': -1.13713}",https://www.rightmove.co.uk/house-prices/details/england-17459269?s=a97ddd35242229adf211d8eda9538ed2697b9e5eba87687d44ae53016bfdcee5,"£130,000",24 Jul 2020,Leasehold,False,130000,Morley Mills,Morley Street,Daybrook,Nottingham,4,NG5 6JL
"4, Morley Mills, Morley Street, Daybrook, Nottingham, Nottinghamshire NG5 6JL",Flat,"{'imageUrl': '/spw/images/placeholder/no-image.svg', 'mediumImageUrl': '/spw/images/placeholder/no-image.svg', 'count': 0}",False,"{'lat': 52.99703, 'lng': -1.13713}",https://www.rightmove.co.uk/house-prices/details/england-17459269?s=a97ddd35242229adf211d8eda9538ed2697b9e5eba87687d44ae53016bfdcee5,"£129,950",16 Jun 2017,Leasehold,False,129950,Morley Mills,Morley Street,Daybrook,Nottingham,4,NG5 6JL
"4, Morley Mills, Morley Street, Daybrook, Nottingham, Nottinghamshire NG5 6JL",Flat,"{'imageUrl': '/spw/images/placeholder/no-image.svg', 'mediumImageUrl': '/spw/images/placeholder/no-image.svg', 'count': 0}",False,"{'lat': 52.99703, 'lng': -1.13713}",https://www.rightmove.co.uk/house-prices/details/england-17459269?s=a97ddd35242229adf211d8eda9538ed2697b9e5eba87687d44ae53016bfdcee5,"£110,500",9 Oct 2015,Leasehold,False,110500,Morley Mills,Morley Street,Daybrook,Nottingham,4,NG5 6JL
"4, Morley Mills, Morley Street, Daybrook, Nottingham, Nottinghamshire NG5 6JL",Flat,"{'imageUrl': '/spw/images/placeholder/no-image.svg', 'mediumImageUrl': '/spw/images/placeholder/no-image.svg', 'count': 0}",False,"{'lat': 52.99703, 'lng': -1.13713}",https://www.rightmove.co.uk/house-prices/details/england-17459269?s=a97ddd35242229adf211d8eda9538ed2697b9e5eba87687d44ae53016bfdcee5,"£115,000",22 Jan 2010,Leasehold,False,115000,Morley Mills,Morley Street,Daybrook,Nottingham,4,NG5 6JL
"4, Morley Mills, Morley Street, Daybrook, Nottingham, Nottinghamshire NG5 6JL",Flat,"{'imageUrl': '/spw/images/placeholder/no-image.svg', 'mediumImageUrl': '/spw/images/placeholder/no-image.svg', 'count': 0}",False,"{'lat': 52.99703, 'lng': -1.13713}",https://www.rightmove.co.uk/house-prices/details/england-17459269?s=a97ddd35242229adf211d8eda9538ed2697b9e5eba87687d44ae53016bfdcee5,"£95,000",29 Jun 2001,Leasehold,False,95000,Morley Mills,Morley Street,Daybrook,Nottingham,4,NG5 6JL
"15, Morley Mills, Morley Street, Daybrook, Nottingham, Nottinghamshire NG5 6JL",Flat,"{'imageUrl': '/spw/images/placeholder/no-image.svg', 'mediumImageUrl': '/spw/images/placeholder/no-image.svg', 'count': 0}",False,"{'lat': 52.99703, 'lng': -1.13713}",https://www.rightmove.co.uk/house-prices/details/england-17459266?s=f328b5ee121cddbec371667b7f855c8fceab8a9489f34c99fe8b841765fa25dc,"£187,500",7 Dec 2022,Leasehold,False,187500,Morley Mills,Morley Street,Daybrook,Nottingham,15,NG5 6JL
"15, Morley Mills, Morley Street, Daybrook, Nottingham, Nottinghamshire NG5 6JL",Flat,"{'imageUrl': '/spw/images/placeholder/no-image.svg', 'mediumImageUrl': '/spw/images/placeholder/no-image.svg', 'count': 0}",False,"{'lat': 52.99703, 'lng': -1.13713}",https://www.rightmove.co.uk/house-prices/details/england-17459266?s=f328b5ee121cddbec371667b7f855c8fceab8a9489f34c99fe8b841765fa25dc,"£145,000",13 Oct 2017,Leasehold,False,145000,Morley Mills,Morley Street,Daybrook,Nottingham,15,NG5 6JL
"15, Morley Mills, Morley Street, Daybrook, Nottingham, Nottinghamshire NG5 6JL",Flat,"{'imageUrl': '/spw/images/placeholder/no-image.svg', 'mediumImageUrl': '/spw/images/placeholder/no-image.svg', 'count': 0}",False,"{'lat': 52.99703, 'lng': -1.13713}",https://www.rightmove.co.uk/house-prices/details/england-17459266?s=f328b5ee121cddbec371667b7f855c8fceab8a9489f34c99fe8b841765fa25dc,"£145,000",7 Oct 2016,Leasehold,False,145000,Morley Mills,Morley Street,Daybrook,Nottingham,15,NG5 6JL
"15, Morley Mills, Morley Street, Daybrook, Nottingham, Nottinghamshire NG5 6JL",Flat,"{'imageUrl': '/spw/images/placeholder/no-image.svg', 'mediumImageUrl': '/spw/images/placeholder/no-image.svg', 'count': 0}",False,"{'lat': 52.99703, 'lng': -1.13713}",https://www.rightmove.co.uk/house-prices/details/england-17459266?s=f328b5ee121cddbec371667b7f855c8fceab8a9489f34c99fe8b841765fa25dc,"£122,000",6 Jan 2015,Leasehold,False,122000,Morley Mills,Morley Street,Daybrook,Nottingham,15,NG5 6JL
"15, Morley Mills, Morley Street, Daybrook, Nottingham, Nottinghamshire NG5 6JL",Flat,"{'imageUrl': '/spw/images/placeholder/no-image.svg', 'mediumImageUrl': '/spw/images/placeholder/no-image.svg', 'count': 0}",False,"{'lat': 52.99703, 'lng': -1.13713}",https://www.rightmove.co.uk/house-prices/details/england-17459266?s=f328b5ee121cddbec371667b7f855c8fceab8a9489f34c99fe8b841765fa25dc,"£117,000",29 Jan 2010,Leasehold,False,117000,Morley Mills,Morley Street,Daybrook,Nottingham,15,NG5 6JL
"15, Morley Mills, Morley Street, Daybrook, Nottingham, Nottinghamshire NG5 6JL",Flat,"{'imageUrl': '/spw/images/placeholder/no-image.svg', 'mediumImageUrl': '/spw/images/placeholder/no-image.svg', 'count': 0}",False,"{'lat': 52.99703, 'lng': -1.13713}",https://www.rightmove.co.uk/house-prices/details/england-17459266?s=f328b5ee121cddbec371667b7f855c8fceab8a9489f34c99fe8b841765fa25dc,"£132,950",26 Jul 2004,Leasehold,False,132950,Morley Mills,Morley Street,Daybrook,Nottingham,15,NG5 6JL
"15, Morley Mills, Morley Street, Daybrook, Nottingham, Nottinghamshire NG5 6JL",Flat,"{'imageUrl': '/spw/images/placeholder/no-image.svg', 'mediumImageUrl': '/spw/images/placeholder/no-image.svg', 'count': 0}",False,"{'lat': 52.99703, 'lng': -1.13713}",https://www.rightmove.co.uk/house-prices/details/england-17459266?s=f328b5ee121cddbec371667b7f855c8fceab8a9489f34c99fe8b841765fa25dc,"£120,000",29 Jun 2001,Leasehold,False,120000,Morley Mills,Morley Street,Daybrook,Nottingham,15,NG5 6JL
"30, Morley Mills, Morley Street, Daybrook, Nottingham, Nottinghamshire NG5 6JL",Flat,"{'imageUrl': '/spw/images/placeholder/no-image.svg', 'mediumImageUrl': '/spw/images/placeholder/no-image.svg', 'count': 0}",False,"{'lat': 52.99703, 'lng': -1.13713}",https://www.rightmove.co.uk/house-prices/details/england-18341173?s=ad1e66939237aeb59399f4ebe9ee49d2d37c983a431e4633671e197fdb132aea,"£148,500",14 Oct 2022,Leasehold,False,148500,Morley Mills,Morley Street,Daybrook,Nottingham,30,NG5 6JL
"30, Morley Mills, Morley Street, Daybrook, Nottingham, Nottinghamshire NG5 6JL",Flat,"{'imageUrl': '/spw/images/placeholder/no-image.svg', 'mediumImageUrl': '/spw/images/placeholder/no-image.svg', 'count': 0}",False,"{'lat': 52.99703, 'lng': -1.13713}",https://www.rightmove.co.uk/house-prices/details/england-18341173?s=ad1e66939237aeb59399f4ebe9ee49d2d37c983a431e4633671e197fdb132aea,"£105,000",22 Jun 2001,Leasehold,False,105000,Morley Mills,Morley Street,Daybrook,Nottingham,30,NG5 6JL
"28, Morley Mills, Morley Street, Daybrook, Nottingham, Nottinghamshire NG5 6JL",Flat,"{'imageUrl': '/spw/images/placeholder/no-image.svg', 'mediumImageUrl': '/spw/images/placeholder/no-image.svg', 'count': 0}",False,"{'lat': 52.99703, 'lng': -1.13713}",https://www.rightmove.co.uk/house-prices/details/england-93637614?s=0c0a354fc00bffdc22d1cba89268a0986f300aa3f14758085e052868b76162fa,"£140,000",10 Jun 2022,Leasehold,False,140000,Morley Mills,Morley Street,Daybrook,Nottingham,28,NG5 6JL
"28, Morley Mills, Morley Street, Daybrook, Nottingham, Nottinghamshire NG5 6JL",Flat,"{'imageUrl': '/spw/images/placeholder/no-image.svg', 'mediumImageUrl': '/spw/images/placeholder/no-image.svg', 'count': 0}",False,"{'lat': 52.99703, 'lng': -1.13713}",https://www.rightmove.co.uk/house-prices/details/england-93637614?s=0c0a354fc00bffdc22d1cba89268a0986f300aa3f14758085e052868b76162fa,"£120,000",18 Dec 2013,Leasehold,False,120000,Morley Mills,Morley Street,Daybrook,Nottingham,28,NG5 6JL
"28, Morley Mills, Morley Street, Daybrook, Nottingham, Nottinghamshire NG5 6JL",Flat,"{'imageUrl': '/spw/images/placeholder/no-image.svg', 'mediumImageUrl': '/spw/images/placeholder/no-image.svg', 'count': 0}",False,"{'lat': 52.99703, 'lng': -1.13713}",https://www.rightmove.co.uk/house-prices/details/england-93637614?s=0c0a354fc00bffdc22d1cba89268a0986f300aa3f14758085e052868b76162fa,"£112,000",15 Oct 2001,Leasehold,False,112000,Morley Mills,Morley Street,Daybrook,Nottingham,28,NG5 6JL
"18, Morley Mills, Morley Street, Daybrook, Nottingham, Nottinghamshire NG5 6JL",Flat,"{'imageUrl': '/spw/images/placeholder/no-image.svg', 'mediumImageUrl': '/spw/images/placeholder/no-image.svg', 'count': 0}",False,"{'lat': 52.99703, 'lng': -1.13713}",https://www.rightmove.co.uk/house-prices/details/england-17124481?s=2c6cbab360815232b82da2aeeea14034c5985acc15bbf063aefb607053da6c75,"£115,000",23 May 2022,Leasehold,False,115000,Morley Mills,Morley Street,Daybrook,Nottingham,18,NG5 6JL
"18, Morley Mills, Morley Street, Daybrook, Nottingham, Nottinghamshire NG5 6JL",Flat,"{'imageUrl': '/spw/images/placeholder/no-image.svg', 'mediumImageUrl': '/spw/images/placeholder/no-image.svg', 'count': 0}",False,"{'lat': 52.99703, 'lng': -1.13713}",https://www.rightmove.co.uk/house-prices/details/england-17124481?s=2c6cbab360815232b82da2aeeea14034c5985acc15bbf063aefb607053da6c75,"£68,000",19 Dec 2014,Leasehold,False,68000,Morley Mills,Morley Street,Daybrook,Nottingham,18,NG5 6JL
"18, Morley Mills, Morley Street, Daybrook, Nottingham, Nottinghamshire NG5 6JL",Flat,"{'imageUrl': '/spw/images/placeholder/no-image.svg', 'mediumImageUrl': '/spw/images/placeholder/no-image.svg', 'count': 0}",False,"{'lat': 52.99703, 'lng': -1.13713}",https://www.rightmove.co.uk/house-prices/details/england-17124481?s=2c6cbab360815232b82da2aeeea14034c5985acc15bbf063aefb607053da6c75,"£82,995",10 Dec 2004,Leasehold,False,82995,Morley Mills,Morley Street,Daybrook,Nottingham,18,NG5 6JL
"18, Morley Mills, Morley Street, Daybrook, Nottingham, Nottinghamshire NG5 6JL",Flat,"{'imageUrl': '/spw/images/placeholder/no-image.svg', 'mediumImageUrl': '/spw/images/placeholder/no-image.svg', 'count': 0}",False,"{'lat': 52.99703, 'lng': -1.13713}",https://www.rightmove.co.uk/house-prices/details/england-17124481?s=2c6cbab360815232b82da2aeeea14034c5985acc15bbf063aefb607053da6c75,"£50,000",29 Jun 2001,Leasehold,False,50000,Morley Mills,Morley Street,Daybrook,Nottingham,18,NG5 6JL
"10, Morley Mills, Morley Street, Daybrook, Nottingham, Nottinghamshire NG5 6JL",Flat,"{'imageUrl': '/spw/images/placeholder/no-image.svg', 'mediumImageUrl': '/spw/images/placeholder/no-image.svg', 'count': 0}",False,"{'lat': 52.99703, 'lng': -1.13713}",https://www.rightmove.co.uk/house-prices/details/england-93046278?s=cf144be49cd87cfeff347b4e62ef183f4f9ea42c5839ddd34bcd450725a9e848,"£160,000",28 Mar 2022,Leasehold,False,160000,Morley Mills,Morley Street,Daybrook,Nottingham,10,NG5 6JL
"10, Morley Mills, Morley Street, Daybrook, Nottingham, Nottinghamshire NG5 6JL",Flat,"{'imageUrl': '/spw/images/placeholder/no-image.svg', 'mediumImageUrl': '/spw/images/placeholder/no-image.svg', 'count': 0}",False,"{'lat': 52.99703, 'lng': -1.13713}",https://www.rightmove.co.uk/house-prices/details/england-93046278?s=cf144be49cd87cfeff347b4e62ef183f4f9ea42c5839ddd34bcd450725a9e848,"£128,000",11 Aug 2017,Leasehold,False,128000,Morley Mills,Morley Street,Daybrook,Nottingham,10,NG5 6JL
"10, Morley Mills, Morley Street, Daybrook, Nottingham, Nottinghamshire NG5 6JL",Flat,"{'imageUrl': '/spw/images/placeholder/no-image.svg', 'mediumImageUrl': '/spw/images/placeholder/no-image.svg', 'count': 0}",False,"{'lat': 52.99703, 'lng': -1.13713}",https://www.rightmove.co.uk/house-prices/details/england-93046278?s=cf144be49cd87cfeff347b4e62ef183f4f9ea42c5839ddd34bcd450725a9e848,"£125,000",28 May 2010,Leasehold,False,125000,Morley Mills,Morley Street,Daybrook,Nottingham,10,NG5 6JL
"10, Morley Mills, Morley Street, Daybrook, Nottingham, Nottinghamshire NG5 6JL",Flat,"{'imageUrl': '/spw/images/placeholder/no-image.svg', 'mediumImageUrl': '/spw/images/placeholder/no-image.svg', 'count': 0}",False,"{'lat': 52.99703, 'lng': -1.13713}",https://www.rightmove.co.uk/house-prices/details/england-93046278?s=cf144be49cd87cfeff347b4e62ef183f4f9ea42c5839ddd34bcd450725a9e848,"£139,000",14 Oct 2004,Leasehold,False,139000,Morley Mills,Morley Street,Daybrook,Nottingham,10,NG5 6JL
"10, Morley Mills, Morley Street, Daybrook, Nottingham, Nottinghamshire NG5 6JL",Flat,"{'imageUrl': '/spw/images/placeholder/no-image.svg', 'mediumImageUrl': '/spw/images/placeholder/no-image.svg', 'count': 0}",False,"{'lat': 52.99703, 'lng': -1.13713}",https://www.rightmove.co.uk/house-prices/details/england-93046278?s=cf144be49cd87cfeff347b4e62ef183f4f9ea42c5839ddd34bcd450725a9e848,"£112,500",30 Nov 2001,Leasehold,False,112500,Morley Mills,Morley Street,Daybrook,Nottingham,10,NG5 6JL
"11, Morley Mills, Morley Street, Daybrook, Nottingham, Nottinghamshire NG5 6JL",Flat,"{'imageUrl': '/spw/images/placeholder/no-image.svg', 'mediumImageUrl': '/spw/images/placeholder/no-image.svg', 'count': 0}",False,"{'lat': 52.99703, 'lng': -1.13713}",https://www.rightmove.co.uk/house-prices/details/england-93046275?s=c349d32b2d326eddabdf1f22dba8b384fb0fbc61ce46db665b7bc0a26e6723a3,"£160,000",25 Feb 2022,Leasehold,False,160000,Morley Mills,Morley Street,Daybrook,Nottingham,11,NG5 6JL
"11, Morley Mills, Morley Street, Daybrook, Nottingham, Nottinghamshire NG5 6JL",Flat,"{'imageUrl': '/spw/images/placeholder/no-image.svg', 'mediumImageUrl': '/spw/images/placeholder/no-image.svg', 'count': 0}",False,"{'lat': 52.99703, 'lng': -1.13713}",https://www.rightmove.co.uk/house-prices/details/england-93046275?s=c349d32b2d326eddabdf1f22dba8b384fb0fbc61ce46db665b7bc0a26e6723a3,"£90,000",22 Feb 2019,Leasehold,False,90000,Morley Mills,Morley Street,Daybrook,Nottingham,11,NG5 6JL
"11, Morley Mills, Morley Street, Daybrook, Nottingham, Nottinghamshire NG5 6JL",Flat,"{'imageUrl': '/spw/images/placeholder/no-image.svg', 'mediumImageUrl': '/spw/images/placeholder/no-image.svg', 'count': 0}",False,"{'lat': 52.99703, 'lng': -1.13713}",https://www.rightmove.co.uk/house-prices/details/england-93046275?s=c349d32b2d326eddabdf1f22dba8b384fb0fbc61ce46db665b7bc0a26e6723a3,"£135,000",4 Jul 2006,Leasehold,False,135000,Morley Mills,Morley Street,Daybrook,Nottingham,11,NG5 6JL
"11, Morley Mills, Morley Street, Daybrook, Nottingham, Nottinghamshire NG5 6JL",Flat,"{'imageUrl': '/spw/images/placeholder/no-image.svg', 'mediumImageUrl': '/spw/images/placeholder/no-image.svg', 'count': 0}",False,"{'lat': 52.99703, 'lng': -1.13713}",https://www.rightmove.co.uk/house-prices/details/england-93046275?s=c349d32b2d326eddabdf1f22dba8b384fb0fbc61ce46db665b7bc0a26e6723a3,"£120,000",3 Aug 2001,Leasehold,False,120000,Morley Mills,Morley Street,Daybrook,Nottingham,11,NG5 6JL
"19, Morley Mills, Morley Street, Daybrook, Nottingham, Nottinghamshire NG5 6JL",Flat,"{'imageUrl': '/spw/images/placeholder/no-image.svg', 'mediumImageUrl': '/spw/images/placeholder/no-image.svg', 'count': 0}",False,"{'lat': 52.99703, 'lng': -1.13713}",https://www.rightmove.co.uk/house-prices/details/england-15330121?s=d8370b2d8298bfc1309e36876b0c5c6e05b50c7d71b4a326e6789cf5f70b1770,"£125,000",17 Dec 2021,Leasehold,False,125000,Morley Mills,Morley Street,Daybrook,Nottingham,19,NG5 6JL
"19, Morley Mills, Morley Street, Daybrook, Nottingham, Nottinghamshire NG5 6JL",Flat,"{'imageUrl': '/spw/images/placeholder/no-image.svg', 'mediumImageUrl': '/spw/images/placeholder/no-image.svg', 'count': 0}",False,"{'lat': 52.99703, 'lng': -1.13713}",https://www.rightmove.co.uk/house-prices/details/england-15330121?s=d8370b2d8298bfc1309e36876b0c5c6e05b50c7d71b4a326e6789cf5f70b1770,"£108,500",30 Jul 2004,Leasehold,False,108500,Morley Mills,Morley Street,Daybrook,Nottingham,19,NG5 6JL
"19, Morley Mills, Morley Street, Daybrook, Nottingham, Nottinghamshire NG5 6JL",Flat,"{'imageUrl': '/spw/images/placeholder/no-image.svg', 'mediumImageUrl': '/spw/images/placeholder/no-image.svg', 'count': 0}",False,"{'lat': 52.99703, 'lng': -1.13713}",https://www.rightmove.co.uk/house-prices/details/england-15330121?s=d8370b2d8298bfc1309e36876b0c5c6e05b50c7d71b4a326e6789cf5f70b1770,"£75,000",29 Jun 2001,Leasehold,False,75000,Morley Mills,Morley Street,Daybrook,Nottingham,19,NG5 6JL
"40, Morley Mills, Morley Street, Daybrook, Nottingham, Nottinghamshire NG5 6JL",Flat,"{'imageUrl': '/spw/images/placeholder/no-image.svg', 'mediumImageUrl': '/spw/images/placeholder/no-image.svg', 'count': 0}",False,"{'lat': 52.99703, 'lng': -1.13713}",https://www.rightmove.co.uk/house-prices/details/england-14014465?s=871a66ea42006a47295047e42f50c610ee30d9d2d950b7febb777ef4f9a7aea6,"£150,000",15 Oct 2021,Leasehold,False,150000,Morley Mills,Morley Street,Daybrook,Nottingham,40,NG5 6JL
"40, Morley Mills, Morley Street, Daybrook, Nottingham, Nottinghamshire NG5 6JL",Flat,"{'imageUrl': '/spw/images/placeholder/no-image.svg', 'mediumImageUrl': '/spw/images/placeholder/no-image.svg', 'count': 0}",False,"{'lat': 52.99703, 'lng': -1.13713}",https://www.rightmove.co.uk/house-prices/details/england-14014465?s=871a66ea42006a47295047e42f50c610ee30d9d2d950b7febb777ef4f9a7aea6,"£140,000",26 Jun 2001,Leasehold,False,140000,Morley Mills,Morley Street,Daybrook,Nottingham,40,NG5 6JL
"36, Morley Mills, Morley Street, Daybrook, Nottingham, Nottinghamshire NG5 6JL",Flat,"{'imageUrl': '/spw/images/placeholder/no-image.svg', 'mediumImageUrl': '/spw/images/placeholder/no-image.svg', 'count': 0}",False,"{'lat': 52.99703, 'lng': -1.13713}",https://www.rightmove.co.uk/house-prices/details/england-14014462?s=bc5da8890180c6a16a7af870aec855b323bc2cde8fe22adfbd12e28ecb71466b,"£175,000",17 Sep 2021,Leasehold,False,175000,Morley Mills,Morley Street,Daybrook,Nottingham,36,NG5 6JL
"36, Morley Mills, Morley Street, Daybrook, Nottingham, Nottinghamshire NG5 6JL",Flat,"{'imageUrl': '/spw/images/placeholder/no-image.svg', 'mediumImageUrl': '/spw/images/placeholder/no-image.svg', 'count': 0}",False,"{'lat': 52.99703, 'lng': -1.13713}",https://www.rightmove.co.uk/house-prices/details/england-14014462?s=bc5da8890180c6a16a7af870aec855b323bc2cde8fe22adfbd12e28ecb71466b,"£130,000",17 Dec 2012,Leasehold,False,130000,Morley Mills,Morley Street,Daybrook,Nottingham,36,NG5 6JL
"36, Morley Mills, Morley Street, Daybrook, Nottingham, Nottinghamshire NG5 6JL",Flat,"{'imageUrl': '/spw/images/placeholder/no-image.svg', 'mediumImageUrl': '/spw/images/placeholder/no-image.svg', 'count': 0}",False,"{'lat': 52.99703, 'lng': -1.13713}",https://www.rightmove.co.uk/house-prices/details/england-14014462?s=bc5da8890180c6a16a7af870aec855b323bc2cde8fe22adfbd12e28ecb71466b,"£143,000",7 Nov 2006,Leasehold,False,143000,Morley Mills,Morley Street,Daybrook,Nottingham,36,NG5 6JL
"36, Morley Mills, Morley Street, Daybrook, Nottingham, Nottinghamshire NG5 6JL",Flat,"{'imageUrl': '/spw/images/placeholder/no-image.svg', 'mediumImageUrl': '/spw/images/placeholder/no-image.svg', 'count': 0}",False,"{'lat': 52.99703, 'lng': -1.13713}",https://www.rightmove.co.uk/house-prices/details/england-14014462?s=bc5da8890180c6a16a7af870aec855b323bc2cde8fe22adfbd12e28ecb71466b,"£179,000",17 Jun 2002,Leasehold,False,179000,Morley Mills,Morley Street,Daybrook,Nottingham,36,NG5 6JL
"36, Morley Mills, Morley Street, Daybrook, Nottingham, Nottinghamshire NG5 6JL",Flat,"{'imageUrl': '/spw/images/placeholder/no-image.svg', 'mediumImageUrl': '/spw/images/placeholder/no-image.svg', 'count': 0}",False,"{'lat': 52.99703, 'lng': -1.13713}",https://www.rightmove.co.uk/house-prices/details/england-14014462?s=bc5da8890180c6a16a7af870aec855b323bc2cde8fe22adfbd12e28ecb71466b,"£123,000",20 Jun 2001,Leasehold,False,123000,Morley Mills,Morley Street,Daybrook,Nottingham,36,NG5 6JL
"59, Morley Mills, Morley Street, Daybrook, Nottingham, Nottinghamshire NG5 6JL",Flat,"{'imageUrl': '/spw/images/placeholder/no-image.svg', 'mediumImageUrl': '/spw/images/placeholder/no-image.svg', 'count': 0}",False,"{'lat': 52.99703, 'lng': -1.13713}",https://www.rightmove.co.uk/house-prices/details/england-14712517?s=b2b1ea563ca2408d5e311400bb026a059866dfbce03c7bc91dc757303ca6d4b8,"£165,000",3 Sep 2021,Leasehold,False,165000,Morley Mills,Morley Street,Daybrook,Nottingham,59,NG5 6JL
"59, Morley Mills, Morley Street, Daybrook, Nottingham, Nottinghamshire NG5 6JL",Flat,"{'imageUrl': '/spw/images/placeholder/no-image.svg', 'mediumImageUrl': '/spw/images/placeholder/no-image.svg', 'count': 0}",False,"{'lat': 52.99703, 'lng': -1.13713}",https://www.rightmove.co.uk/house-prices/details/england-14712517?s=b2b1ea563ca2408d5e311400bb026a059866dfbce03c7bc91dc757303ca6d4b8,"£144,000",11 Mar 2019,Leasehold,False,144000,Morley Mills,Morley Street,Daybrook,Nottingham,59,NG5 6JL
"59, Morley Mills, Morley Street, Daybrook, Nottingham, Nottinghamshire NG5 6JL",Flat,"{'imageUrl': '/spw/images/placeholder/no-image.svg', 'mediumImageUrl': '/spw/images/placeholder/no-image.svg', 'count': 0}",False,"{'lat': 52.99703, 'lng': -1.13713}",https://www.rightmove.co.uk/house-prices/details/england-14712517?s=b2b1ea563ca2408d5e311400bb026a059866dfbce03c7bc91dc757303ca6d4b8,"£134,000",23 Nov 2007,Leasehold,False,134000,Morley Mills,Morley Street,Daybrook,Nottingham,59,NG5 6JL
"59, Morley Mills, Morley Street, Daybrook, Nottingham, Nottinghamshire NG5 6JL",Flat,"{'imageUrl': '/spw/images/placeholder/no-image.svg', 'mediumImageUrl': '/spw/images/placeholder/no-image.svg', 'count': 0}",False,"{'lat': 52.99703, 'lng': -1.13713}",https://www.rightmove.co.uk/house-prices/details/england-14712517?s=b2b1ea563ca2408d5e311400bb026a059866dfbce03c7bc91dc757303ca6d4b8,"£120,000",14 Jun 2002,Leasehold,False,120000,Morley Mills,Morley Street,Daybrook,Nottingham,59,NG5 6JL
"54, Morley Mills, Morley Street, Daybrook, Nottingham, Nottinghamshire NG5 6JL",Flat,"{'imageUrl': '/spw/images/placeholder/no-image.svg', 'mediumImageUrl': '/spw/images/placeholder/no-image.svg', 'count': 0}",False,"{'lat': 52.99703, 'lng': -1.13713}",https://www.rightmove.co.uk/house-prices/details/england-93356478?s=5d5fdd81a45872b768348b8551e36c426a5d39568a4037cdbb1a9f4602b50907,"£110,000",18 Aug 2021,Leasehold,False,110000,Morley Mills,Morley Street,Daybrook,Nottingham,54,NG5 6JL
"54, Morley Mills, Morley Street, Daybrook, Nottingham, Nottinghamshire NG5 6JL",Flat,"{'imageUrl': '/spw/images/placeholder/no-image.svg', 'mediumImageUrl': '/spw/images/placeholder/no-image.svg', 'count': 0}",False,"{'lat': 52.99703, 'lng': -1.13713}",https://www.rightmove.co.uk/house-prices/details/england-93356478?s=5d5fdd81a45872b768348b8551e36c426a5d39568a4037cdbb1a9f4602b50907,"£92,500",28 Sep 2001,Leasehold,False,92500,Morley Mills,Morley Street,Daybrook,Nottingham,54,NG5 6JL
"31, Morley Mills, Morley Street, Daybrook, Nottingham, Nottinghamshire NG5 6JL",Flat,"{'imageUrl': '/spw/images/placeholder/no-image.svg', 'mediumImageUrl': '/spw/images/placeholder/no-image.svg', 'count': 0}",False,"{'lat': 52.99703, 'lng': -1.13713}",https://www.rightmove.co.uk/house-prices/details/england-93356475?s=f53c96ba0c52197a547438386c3d0ded0984c866973727f37b0a3f1b5e6bd600,"£140,000",29 Jul 2021,Leasehold,False,140000,Morley Mills,Morley Street,Daybrook,Nottingham,31,NG5 6JL
"31, Morley Mills, Morley Street, Daybrook, Nottingham, Nottinghamshire NG5 6JL",Flat,"{'imageUrl': '/spw/images/placeholder/no-image.svg', 'mediumImageUrl': '/spw/images/placeholder/no-image.svg', 'count': 0}",False,"{'lat': 52.99703, 'lng': -1.13713}",https://www.rightmove.co.uk/house-prices/details/england-93356475?s=f53c96ba0c52197a547438386c3d0ded0984c866973727f37b0a3f1b5e6bd600,"£90,000",27 Jul 2015,Leasehold,False,90000,Morley Mills,Morley Street,Daybrook,Nottingham,31,NG5 6JL
"31, Morley Mills, Morley Street, Daybrook, Nottingham, Nottinghamshire NG5 6JL",Flat,"{'imageUrl': '/spw/images/placeholder/no-image.svg', 'mediumImageUrl': '/spw/images/placeholder/no-image.svg', 'count': 0}",False,"{'lat': 52.99703, 'lng': -1.13713}",https://www.rightmove.co.uk/house-prices/details/england-93356475?s=f53c96ba0c52197a547438386c3d0ded0984c866973727f37b0a3f1b5e6bd600,"£122,000",3 Jun 2003,Leasehold,False,122000,Morley Mills,Morley Street,Daybrook,Nottingham,31,NG5 6JL
"31, Morley Mills, Morley Street, Daybrook, Nottingham, Nottinghamshire NG5 6JL",Flat,"{'imageUrl': '/spw/images/placeholder/no-image.svg', 'mediumImageUrl': '/spw/images/placeholder/no-image.svg', 'count': 0}",False,"{'lat': 52.99703, 'lng': -1.13713}",https://www.rightmove.co.uk/house-prices/details/england-93356475?s=f53c96ba0c52197a547438386c3d0ded0984c866973727f37b0a3f1b5e6bd600,"£114,500",6 Sep 2002,Leasehold,False,114500,Morley Mills,Morley Street,Daybrook,Nottingham,31,NG5 6JL
"31, Morley Mills, Morley Street, Daybrook, Nottingham, Nottinghamshire NG5 6JL",Flat,"{'imageUrl': '/spw/images/placeholder/no-image.svg', 'mediumImageUrl': '/spw/images/placeholder/no-image.svg', 'count': 0}",False,"{'lat': 52.99703, 'lng': -1.13713}",https://www.rightmove.co.uk/house-prices/details/england-93356475?s=f53c96ba0c52197a547438386c3d0ded0984c866973727f37b0a3f1b5e6bd600,"£75,000",22 Jun 2001,Leasehold,False,75000,Morley Mills,Morley Street,Daybrook,Nottingham,31,NG5 6JL
"27, Morley Mills, Morley Street, Daybrook, Nottingham, Nottinghamshire NG5 6JL",Flat,"{'imageUrl': '/spw/images/placeholder/no-image.svg', 'mediumImageUrl': '/spw/images/placeholder/no-image.svg', 'count': 0}",False,"{'lat': 52.99703, 'lng': -1.13713}",https://www.rightmove.co.uk/house-prices/details/england-17459260?s=aca25cd5099eb384c3271825e895fe90f6e85aedce976898fb921aa1804cc66c,"£145,000",16 Jul 2021,Leasehold,False,145000,Morley Mills,Morley Street,Daybrook,Nottingham,27,NG5 6JL
"27, Morley Mills, Morley Street, Daybrook, Nottingham, Nottinghamshire NG5 6JL",Flat,"{'imageUrl': '/spw/images/placeholder/no-image.svg', 'mediumImageUrl': '/spw/images/placeholder/no-image.svg', 'count': 0}",False,"{'lat': 52.99703, 'lng': -1.13713}",https://www.rightmove.co.uk/house-prices/details/england-17459260?s=aca25cd5099eb384c3271825e895fe90f6e85aedce976898fb921aa1804cc66c,"£90,000",12 Oct 2016,Leasehold,False,90000,Morley Mills,Morley Street,Daybrook,Nottingham,27,NG5 6JL
"27, Morley Mills, Morley Street, Daybrook, Nottingham, Nottinghamshire NG5 6JL",Flat,"{'imageUrl': '/spw/images/placeholder/no-image.svg', 'mediumImageUrl': '/spw/images/placeholder/no-image.svg', 'count': 0}",False,"{'lat': 52.99703, 'lng': -1.13713}",https://www.rightmove.co.uk/house-prices/details/england-17459260?s=aca25cd5099eb384c3271825e895fe90f6e85aedce976898fb921aa1804cc66c,"£115,000",29 Jul 2002,Leasehold,False,115000,Morley Mills,Morley Street,Daybrook,Nottingham,27,NG5 6JL
"27, Morley Mills, Morley Street, Daybrook, Nottingham, Nottinghamshire NG5 6JL",Flat,"{'imageUrl': '/spw/images/placeholder/no-image.svg', 'mediumImageUrl': '/spw/images/placeholder/no-image.svg', 'count': 0}",False,"{'lat': 52.99703, 'lng': -1.13713}",https://www.rightmove.co.uk/house-prices/details/england-17459260?s=aca25cd5099eb384c3271825e895fe90f6e85aedce976898fb921aa1804cc66c,"£80,000",20 Jun 2001,Leasehold,False,80000,Morley Mills,Morley Street,Daybrook,Nottingham,27,NG5 6JL
"43, Morley Mills, Morley Street, Daybrook, Nottingham, Nottinghamshire NG5 6JL",Flat,"{'imageUrl': '/spw/images/placeholder/no-image.svg', 'mediumImageUrl': '/spw/images/placeholder/no-image.svg', 'count': 0}",False,"{'lat': 52.99703, 'lng': -1.13713}",https://www.rightmove.co.uk/house-prices/details/england-15029104?s=71ba96f1c41613a6c28cb76175f76875ee107acdeda0db88892be60b83964ec6,"£192,000",21 Jun 2021,Leasehold,False,192000,Morley Mills,Morley Street,Daybrook,Nottingham,43,NG5 6JL
"43, Morley Mills, Morley Street, Daybrook, Nottingham, Nottinghamshire NG5 6JL",Flat,"{'imageUrl': '/spw/images/placeholder/no-image.svg', 'mediumImageUrl': '/spw/images/placeholder/no-image.svg', 'count': 0}",False,"{'lat': 52.99703, 'lng': -1.13713}",https://www.rightmove.co.uk/house-prices/details/england-15029104?s=71ba96f1c41613a6c28cb76175f76875ee107acdeda0db88892be60b83964ec6,"£145,000",12 Jun 2015,Leasehold,False,145000,Morley Mills,Morley Street,Daybrook,Nottingham,43,NG5 6JL
"43, Morley Mills, Morley Street, Daybrook, Nottingham, Nottinghamshire NG5 6JL",Flat,"{'imageUrl': '/spw/images/placeholder/no-image.svg', 'mediumImageUrl': '/spw/images/placeholder/no-image.svg', 'count': 0}",False,"{'lat': 52.99703, 'lng': -1.13713}",https://www.rightmove.co.uk/house-prices/details/england-15029104?s=71ba96f1c41613a6c28cb76175f76875ee107acdeda0db88892be60b83964ec6,"£135,000",17 Dec 2012,Leasehold,False,135000,Morley Mills,Morley Street,Daybrook,Nottingham,43,NG5 6JL
"43, Morley Mills, Morley Street, Daybrook, Nottingham, Nottinghamshire NG5 6JL",Flat,"{'imageUrl': '/spw/images/placeholder/no-image.svg', 'mediumImageUrl': '/spw/images/placeholder/no-image.svg', 'count': 0}",False,"{'lat': 52.99703, 'lng': -1.13713}",https://www.rightmove.co.uk/house-prices/details/england-15029104?s=71ba96f1c41613a6c28cb76175f76875ee107acdeda0db88892be60b83964ec6,"£130,000",27 Jun 2001,Leasehold,False,130000,Morley Mills,Morley Street,Daybrook,Nottingham,43,NG5 6JL
"45, Morley Mills, Morley Street, Daybrook, Nottingham, Nottinghamshire NG5 6JL",Flat,"{'imageUrl': '/spw/images/placeholder/no-image.svg', 'mediumImageUrl': '/spw/images/placeholder/no-image.svg', 'count': 0}",False,"{'lat': 52.99703, 'lng': -1.13713}",https://www.rightmove.co.uk/house-prices/details/england-92407350?s=65ea2dcc54e588c7257ff1f4b8bdb981f421f3d4439a7aa8f89ba48a3023f930,"£125,000",11 Dec 2020,Leasehold,False,125000,Morley Mills,Morley Street,Daybrook,Nottingham,45,NG5 6JL
"45, Morley Mills, Morley Street, Daybrook, Nottingham, Nottinghamshire NG5 6JL",Flat,"{'imageUrl': '/spw/images/placeholder/no-image.svg', 'mediumImageUrl': '/spw/images/placeholder/no-image.svg', 'count': 0}",False,"{'lat': 52.99703, 'lng': -1.13713}",https://www.rightmove.co.uk/house-prices/details/england-92407350?s=65ea2dcc54e588c7257ff1f4b8bdb981f421f3d4439a7aa8f89ba48a3023f930,"£109,000",17 Nov 2017,Leasehold,False,109000,Morley Mills,Morley Street,Daybrook,Nottingham,45,NG5 6JL
"45, Morley Mills, Morley Street, Daybrook, Nottingham, Nottinghamshire NG5 6JL",Flat,"{'imageUrl': '/spw/images/placeholder/no-image.svg', 'mediumImageUrl': '/spw/images/placeholder/no-image.svg', 'count': 0}",False,"{'lat': 52.99703, 'lng': -1.13713}",https://www.rightmove.co.uk/house-prices/details/england-92407350?s=65ea2dcc54e588c7257ff1f4b8bdb981f421f3d4439a7aa8f89ba48a3023f930,"£95,000",22 Jun 2015,Leasehold,False,95000,Morley Mills,Morley Street,Daybrook,Nottingham,45,NG5 6JL
"45, Morley Mills, Morley Street, Daybrook, Nottingham, Nottinghamshire NG5 6JL",Flat,"{'imageUrl': '/spw/images/placeholder/no-image.svg', 'mediumImageUrl': '/spw/images/placeholder/no-image.svg', 'count': 0}",False,"{'lat': 52.99703, 'lng': -1.13713}",https://www.rightmove.co.uk/house-prices/details/england-92407350?s=65ea2dcc54e588c7257ff1f4b8bdb981f421f3d4439a7aa8f89ba48a3023f930,"£83,500",29 Jun 2001,Leasehold,False,83500,Morley Mills,Morley Street,Daybrook,Nottingham,45,NG5 6JL
"2, Morley Mills, Morley Street, Daybrook, Nottingham, Nottinghamshire NG5 6JL",Flat,"{'imageUrl': '/spw/images/placeholder/no-image.svg', 'mediumImageUrl': '/spw/images/placeholder/no-image.svg', 'count': 0}",False,"{'lat': 52.99703, 'lng': -1.13713}",https://www.rightmove.co.uk/house-prices/details/england-91866648?s=93f800c4194d4faa38c820750b05278e1bac392d23ad57bef3eaa882923f11b8,"£140,000",3 Nov 2020,Leasehold,False,140000,Morley Mills,Morley Street,Daybrook,Nottingham,2,NG5 6JL
"2, Morley Mills, Morley Street, Daybrook, Nottingham, Nottinghamshire NG5 6JL",Flat,"{'imageUrl': '/spw/images/placeholder/no-image.svg', 'mediumImageUrl': '/spw/images/placeholder/no-image.svg', 'count': 0}",False,"{'lat': 52.99703, 'lng': -1.13713}",https://www.rightmove.co.uk/house-prices/details/england-91866648?s=93f800c4194d4faa38c820750b05278e1bac392d23ad57bef3eaa882923f11b8,"£100,000",10 Aug 2001,Leasehold,True,100000,Morley Mills,Morley Street,Daybrook,Nottingham,2,NG5 6JL
"14, Morley Mills, Morley Street, Daybrook, Nottingham, Nottinghamshire NG5 6JL",Flat,"{'imageUrl': '/spw/images/placeholder/no-image.svg', 'mediumImageUrl': '/spw/images/placeholder/no-image.svg', 'count': 0}",False,"{'lat': 52.99703, 'lng': -1.13713}",https://www.rightmove.co.uk/house-prices/details/england-20917564?s=87286974e35f03369c3eddb1e3878687eef6bee0d7693629177aa71f3edc4759,"£156,000",18 Sep 2020,Leasehold,False,156000,Morley Mills,Morley Street,Daybrook,Nottingham,14,NG5 6JL
"14, Morley Mills, Morley Street, Daybrook, Nottingham, Nottinghamshire NG5 6JL",Flat,"{'imageUrl': '/spw/images/placeholder/no-image.svg', 'mediumImageUrl': '/spw/images/placeholder/no-image.svg', 'count': 0}",False,"{'lat': 52.99703, 'lng': -1.13713}",https://www.rightmove.co.uk/house-prices/details/england-20917564?s=87286974e35f03369c3eddb1e3878687eef6bee0d7693629177aa71f3edc4759,"£143,000",4 May 2005,Leasehold,False,143000,Morley Mills,Morley Street,Daybrook,Nottingham,14,NG5 6JL
"14, Morley Mills, Morley Street, Daybrook, Nottingham, Nottinghamshire NG5 6JL",Flat,"{'imageUrl': '/spw/images/placeholder/no-image.svg', 'mediumImageUrl': '/spw/images/placeholder/no-image.svg', 'count': 0}",False,"{'lat': 52.99703, 'lng': -1.13713}",https://www.rightmove.co.uk/house-prices/details/england-20917564?s=87286974e35f03369c3eddb1e3878687eef6bee0d7693629177aa71f3edc4759,"£143,500",19 Dec 2003,Leasehold,False,143500,Morley Mills,Morley Street,Daybrook,Nottingham,14,NG5 6JL
"14, Morley Mills, Morley Street, Daybrook, Nottingham, Nottinghamshire NG5 6JL",Flat,"{'imageUrl': '/spw/images/placeholder/no-image.svg', 'mediumImageUrl': '/spw/images/placeholder/no-image.svg', 'count': 0}",False,"{'lat': 52.99703, 'lng': -1.13713}",https://www.rightmove.co.uk/house-prices/details/england-20917564?s=87286974e35f03369c3eddb1e3878687eef6bee0d7693629177aa71f3edc4759,"£130,000",29 Jun 2001,Leasehold,False,130000,Morley Mills,Morley Street,Daybrook,Nottingham,14,NG5 6JL
"50, Morley Mills, Morley Street, Daybrook, Nottingham, Nottinghamshire NG5 6JL",Flat,"{'imageUrl': '/spw/images/placeholder/no-image.svg', 'mediumImageUrl': '/spw/images/placeholder/no-image.svg', 'count': 0}",False,"{'lat': 52.99703, 'lng': -1.13713}",https://www.rightmove.co.uk/house-prices/details/england-11654341?s=b4472a3a9afccaa41ea504e8f155fd751eaf063883bb2a42547016c41b2cea80,"£120,000",15 Sep 2020,Leasehold,False,120000,Morley Mills,Morley Street,Daybrook,Nottingham,50,NG5 6JL
"50, Morley Mills, Morley Street, Daybrook, Nottingham, Nottinghamshire NG5 6JL",Flat,"{'imageUrl': '/spw/images/placeholder/no-image.svg', 'mediumImageUrl': '/spw/images/placeholder/no-image.svg', 'count': 0}",False,"{'lat': 52.99703, 'lng': -1.13713}",https://www.rightmove.co.uk/house-prices/details/england-11654341?s=b4472a3a9afccaa41ea504e8f155fd751eaf063883bb2a42547016c41b2cea80,"£131,000",13 Dec 2002,Leasehold,False,131000,Morley Mills,Morley Street,Daybrook,Nottingham,50,NG5 6JL
"50, Morley Mills, Morley Street, Daybrook, Nottingham, Nottinghamshire NG5 6JL",Flat,"{'imageUrl': '/spw/images/placeholder/no-image.svg', 'mediumImageUrl': '/spw/images/placeholder/no-image.svg', 'count': 0}",False,"{'lat': 52.99703, 'lng': -1.13713}",https://www.rightmove.co.uk/house-prices/details/england-11654341?s=b4472a3a9afccaa41ea504e8f155fd751eaf063883bb2a42547016c41b2cea80,"£75,000",14 Sep 2001,Leasehold,False,75000,Morley Mills,Morley Street,Daybrook,Nottingham,50,NG5 6JL
"56, Morley Mills, Morley Street, Daybrook, Nottingham, Nottinghamshire NG5 6JL",Flat,"{'imageUrl': '/spw/images/placeholder/no-image.svg', 'mediumImageUrl': '/spw/images/placeholder/no-image.svg', 'count': 0}",False,"{'lat': 52.99703, 'lng': -1.13713}",https://www.rightmove.co.uk/house-prices/details/england-11106385?s=5123967205772d1843aa4619318b068c1f4384aea9ec9233f925cf3617a4b9da,"£147,500",25 Oct 2019,Leasehold,False,147500,Morley Mills,Morley Street,Daybrook,Nottingham,56,NG5 6JL
"56, Morley Mills, Morley Street, Daybrook, Nottingham, Nottinghamshire NG5 6JL",Flat,"{'imageUrl': '/spw/images/placeholder/no-image.svg', 'mediumImageUrl': '/spw/images/placeholder/no-image.svg', 'count': 0}",False,"{'lat': 52.99703, 'lng': -1.13713}",https://www.rightmove.co.uk/house-prices/details/england-11106385?s=5123967205772d1843aa4619318b068c1f4384aea9ec9233f925cf3617a4b9da,"£130,000",6 Jun 2014,Leasehold,False,130000,Morley Mills,Morley Street,Daybrook,Nottingham,56,NG5 6JL
"56, Morley Mills, Morley Street, Daybrook, Nottingham, Nottinghamshire NG5 6JL",Flat,"{'imageUrl': '/spw/images/placeholder/no-image.svg', 'mediumImageUrl': '/spw/images/placeholder/no-image.svg', 'count': 0}",False,"{'lat': 52.99703, 'lng': -1.13713}",https://www.rightmove.co.uk/house-prices/details/england-11106385?s=5123967205772d1843aa4619318b068c1f4384aea9ec9233f925cf3617a4b9da,"£147,000",9 Jul 2004,Leasehold,False,147000,Morley Mills,Morley Street,Daybrook,Nottingham,56,NG5 6JL
"56, Morley Mills, Morley Street, Daybrook, Nottingham, Nottinghamshire NG5 6JL",Flat,"{'imageUrl': '/spw/images/placeholder/no-image.svg', 'mediumImageUrl': '/spw/images/placeholder/no-image.svg', 'count': 0}",False,"{'lat': 52.99703, 'lng': -1.13713}",https://www.rightmove.co.uk/house-prices/details/england-11106385?s=5123967205772d1843aa4619318b068c1f4384aea9ec9233f925cf3617a4b9da,"£135,000",28 Sep 2001,Leasehold,False,135000,Morley Mills,Morley Street,Daybrook,Nottingham,56,NG5 6JL
"9, Morley Mills, Morley Street, Daybrook, Nottingham, Nottinghamshire NG5 6JL",Flat,"{'imageUrl': '/spw/images/placeholder/no-image.svg', 'mediumImageUrl': '/spw/images/placeholder/no-image.svg', 'count': 0}",False,"{'lat': 52.99703, 'lng': -1.13713}",https://www.rightmove.co.uk/house-prices/details/england-90669123?s=539ffbdfd1757ba73683cb7ad9317276ef6f1f77537e7a7c9e4d074fe0b5ed0a,"£155,000",13 Sep 2019,Leasehold,False,155000,Morley Mills,Morley Street,Daybrook,Nottingham,9,NG5 6JL
"9, Morley Mills, Morley Street, Daybrook, Nottingham, Nottinghamshire NG5 6JL",Flat,"{'imageUrl': '/spw/images/placeholder/no-image.svg', 'mediumImageUrl': '/spw/images/placeholder/no-image.svg', 'count': 0}",False,"{'lat': 52.99703, 'lng': -1.13713}",https://www.rightmove.co.uk/house-prices/details/england-90669123?s=539ffbdfd1757ba73683cb7ad9317276ef6f1f77537e7a7c9e4d074fe0b5ed0a,"£123,500",28 Jul 2017,Leasehold,False,123500,Morley Mills,Morley Street,Daybrook,Nottingham,9,NG5 6JL
"9, Morley Mills, Morley Street, Daybrook, Nottingham, Nottinghamshire NG5 6JL",Flat,"{'imageUrl': '/spw/images/placeholder/no-image.svg', 'mediumImageUrl': '/spw/images/placeholder/no-image.svg', 'count': 0}",False,"{'lat': 52.99703, 'lng': -1.13713}",https://www.rightmove.co.uk/house-prices/details/england-90669123?s=539ffbdfd1757ba73683cb7ad9317276ef6f1f77537e7a7c9e4d074fe0b5ed0a,"£121,000",27 Feb 2009,Leasehold,False,121000,Morley Mills,Morley Street,Daybrook,Nottingham,9,NG5 6JL
"9, Morley Mills, Morley Street, Daybrook, Nottingham, Nottinghamshire NG5 6JL",Flat,"{'imageUrl': '/spw/images/placeholder/no-image.svg', 'mediumImageUrl': '/spw/images/placeholder/no-image.svg', 'count': 0}",False,"{'lat': 52.99703, 'lng': -1.13713}",https://www.rightmove.co.uk/house-prices/details/england-90669123?s=539ffbdfd1757ba73683cb7ad9317276ef6f1f77537e7a7c9e4d074fe0b5ed0a,"£120,000",19 Jun 2001,Leasehold,False,120000,Morley Mills,Morley Street,Daybrook,Nottingham,9,NG5 6JL
"52, Morley Mills, Morley Street, Daybrook, Nottingham, Nottinghamshire NG5 6JL",Flat,"{'imageUrl': '/spw/images/placeholder/no-image.svg', 'mediumImageUrl': '/spw/images/placeholder/no-image.svg', 'count': 0}",False,"{'lat': 52.99703, 'lng': -1.13713}",https://www.rightmove.co.uk/house-prices/details/england-10824724?s=fc6405fa2b817dfa297f508ebd7934bf03bf0fd49ba53cc2de6ec4607e940033,"£147,500",25 Jul 2019,Leasehold,False,147500,Morley Mills,Morley Street,Daybrook,Nottingham,52,NG5 6JL
"52, Morley Mills, Morley Street, Daybrook, Nottingham, Nottinghamshire NG5 6JL",Flat,"{'imageUrl': '/spw/images/placeholder/no-image.svg', 'mediumImageUrl': '/spw/images/placeholder/no-image.svg', 'count': 0}",False,"{'lat': 52.99703, 'lng': -1.13713}",https://www.rightmove.co.uk/house-prices/details/england-10824724?s=fc6405fa2b817dfa297f508ebd7934bf03bf0fd49ba53cc2de6ec4607e940033,"£130,000",3 Nov 2017,Leasehold,False,130000,Morley Mills,Morley Street,Daybrook,Nottingham,52,NG5 6JL
"52, Morley Mills, Morley Street, Daybrook, Nottingham, Nottinghamshire NG5 6JL",Flat,"{'imageUrl': '/spw/images/placeholder/no-image.svg', 'mediumImageUrl': '/spw/images/placeholder/no-image.svg', 'count': 0}",False,"{'lat': 52.99703, 'lng': -1.13713}",https://www.rightmove.co.uk/house-prices/details/england-10824724?s=fc6405fa2b817dfa297f508ebd7934bf03bf0fd49ba53cc2de6ec4607e940033,"£88,064",17 Aug 2012,Leasehold,False,88064,Morley Mills,Morley Street,Daybrook,Nottingham,52,NG5 6JL
"52, Morley Mills, Morley Street, Daybrook, Nottingham, Nottinghamshire NG5 6JL",Flat,"{'imageUrl': '/spw/images/placeholder/no-image.svg', 'mediumImageUrl': '/spw/images/placeholder/no-image.svg', 'count': 0}",False,"{'lat': 52.99703, 'lng': -1.13713}",https://www.rightmove.co.uk/house-prices/details/england-10824724?s=fc6405fa2b817dfa297f508ebd7934bf03bf0fd49ba53cc2de6ec4607e940033,"£129,950",10 Dec 2004,Leasehold,False,129950,Morley Mills,Morley Street,Daybrook,Nottingham,52,NG5 6JL
"52, Morley Mills, Morley Street, Daybrook, Nottingham, Nottinghamshire NG5 6JL",Flat,"{'imageUrl': '/spw/images/placeholder/no-image.svg', 'mediumImageUrl': '/spw/images/placeholder/no-image.svg', 'count': 0}",False,"{'lat': 52.99703, 'lng': -1.13713}",https://www.rightmove.co.uk/house-prices/details/england-10824724?s=fc6405fa2b817dfa297f508ebd7934bf03bf0fd49ba53cc2de6ec4607e940033,"£90,000",19 Sep 2001,Leasehold,False,90000,Morley Mills,Morley Street,Daybrook,Nottingham,52,NG5 6JL
"48, Morley Mills, Morley Street, Daybrook, Nottingham, Nottinghamshire NG5 6JL",Flat,"{'imageUrl': '/spw/images/placeholder/no-image.svg', 'mediumImageUrl': '/spw/images/placeholder/no-image.svg', 'count': 0}",False,"{'lat': 52.99703, 'lng': -1.13713}",https://www.rightmove.co.uk/house-prices/details/england-6953761?s=058c2d0e21b5b1d0347a5864c022e5641cbc9d3c261d3f78827e075a71ebd270,"£92,500",13 Apr 2018,Leasehold,False,92500,Morley Mills,Morley Street,Daybrook,Nottingham,48,NG5 6JL
"48, Morley Mills, Morley Street, Daybrook, Nottingham, Nottinghamshire NG5 6JL",Flat,"{'imageUrl': '/spw/images/placeholder/no-image.svg', 'mediumImageUrl': '/spw/images/placeholder/no-image.svg', 'count': 0}",False,"{'lat': 52.99703, 'lng': -1.13713}",https://www.rightmove.co.uk/house-prices/details/england-6953761?s=058c2d0e21b5b1d0347a5864c022e5641cbc9d3c261d3f78827e075a71ebd270,"£85,000",30 Nov 2001,Leasehold,False,85000,Morley Mills,Morley Street,Daybrook,Nottingham,48,NG5 6JL
"44, Morley Mills, Morley Street, Daybrook, Nottingham, Nottinghamshire NG5 6JL",Flat,"{'imageUrl': '/spw/images/placeholder/no-image.svg', 'mediumImageUrl': '/spw/images/placeholder/no-image.svg', 'count': 0}",False,"{'lat': 52.99703, 'lng': -1.13713}",https://www.rightmove.co.uk/house-prices/details/england-54993704?s=7b58777fd22e6640cf47f072309393977e29ebfcbb6fb23c4897fab8c1f6030c,"£145,000",26 May 2017,Leasehold,False,145000,Morley Mills,Morley Street,Daybrook,Nottingham,44,NG5 6JL
"44, Morley Mills, Morley Street, Daybrook, Nottingham, Nottinghamshire NG5 6JL",Flat,"{'imageUrl': '/spw/images/placeholder/no-image.svg', 'mediumImageUrl': '/spw/images/placeholder/no-image.svg', 'count': 0}",False,"{'lat': 52.99703, 'lng': -1.13713}",https://www.rightmove.co.uk/house-prices/details/england-54993704?s=7b58777fd22e6640cf47f072309393977e29ebfcbb6fb23c4897fab8c1f6030c,"£139,500",24 Nov 2010,Leasehold,False,139500,Morley Mills,Morley Street,Daybrook,Nottingham,44,NG5 6JL
"44, Morley Mills, Morley Street, Daybrook, Nottingham, Nottinghamshire NG5 6JL",Flat,"{'imageUrl': '/spw/images/placeholder/no-image.svg', 'mediumImageUrl': '/spw/images/placeholder/no-image.svg', 'count': 0}",False,"{'lat': 52.99703, 'lng': -1.13713}",https://www.rightmove.co.uk/house-prices/details/england-54993704?s=7b58777fd22e6640cf47f072309393977e29ebfcbb6fb23c4897fab8c1f6030c,"£159,950",21 Sep 2005,Leasehold,False,159950,Morley Mills,Morley Street,Daybrook,Nottingham,44,NG5 6JL
"44, Morley Mills, Morley Street, Daybrook, Nottingham, Nottinghamshire NG5 6JL",Flat,"{'imageUrl': '/spw/images/placeholder/no-image.svg', 'mediumImageUrl': '/spw/images/placeholder/no-image.svg', 'count': 0}",False,"{'lat': 52.99703, 'lng': -1.13713}",https://www.rightmove.co.uk/house-prices/details/england-54993704?s=7b58777fd22e6640cf47f072309393977e29ebfcbb6fb23c4897fab8c1f6030c,"£130,000",29 Jun 2001,Leasehold,False,130000,Morley Mills,Morley Street,Daybrook,Nottingham,44,NG5 6JL
"65, Morley Mills, Morley Street, Daybrook, Nottingham, Nottinghamshire NG5 6JL",Flat,"{'imageUrl': '/spw/images/placeholder/no-image.svg', 'mediumImageUrl': '/spw/images/placeholder/no-image.svg', 'count': 0}",False,"{'lat': 52.99703, 'lng': -1.13713}",https://www.rightmove.co.uk/house-prices/details/england-90149244?s=0694f88165945aa21c85434de3b9c728e3e8bb561c71082b5dcdeb2597d0fb57,"£136,000",4 May 2017,Leasehold,False,136000,Morley Mills,Morley Street,Daybrook,Nottingham,65,NG5 6JL
"65, Morley Mills, Morley Street, Daybrook, Nottingham, Nottinghamshire NG5 6JL",Flat,"{'imageUrl': '/spw/images/placeholder/no-image.svg', 'mediumImageUrl': '/spw/images/placeholder/no-image.svg', 'count': 0}",False,"{'lat': 52.99703, 'lng': -1.13713}",https://www.rightmove.co.uk/house-prices/details/england-90149244?s=0694f88165945aa21c85434de3b9c728e3e8bb561c71082b5dcdeb2597d0fb57,"£125,000",20 Aug 2004,Leasehold,False,125000,Morley Mills,Morley Street,Daybrook,Nottingham,65,NG5 6JL
"65, Morley Mills, Morley Street, Daybrook, Nottingham, Nottinghamshire NG5 6JL",Flat,"{'imageUrl': '/spw/images/placeholder/no-image.svg', 'mediumImageUrl': '/spw/images/placeholder/no-image.svg', 'count': 0}",False,"{'lat': 52.99703, 'lng': -1.13713}",https://www.rightmove.co.uk/house-prices/details/england-90149244?s=0694f88165945aa21c85434de3b9c728e3e8bb561c71082b5dcdeb2597d0fb57,"£105,000",14 Dec 2001,Leasehold,False,105000,Morley Mills,Morley Street,Daybrook,Nottingham,65,NG5 6JL
"12, Morley Mills, Morley Street, Daybrook, Nottingham, Nottinghamshire NG5 6JL",Flat,"{'imageUrl': '/spw/images/placeholder/no-image.svg', 'mediumImageUrl': '/spw/images/placeholder/no-image.svg', 'count': 0}",False,"{'lat': 52.99703, 'lng': -1.13713}",https://www.rightmove.co.uk/house-prices/details/england-88502172?s=dc97fa8ff61fbfd3418b07627ab6b2157547b5d514722439062f2b61054cbd43,"£130,000",17 Jun 2016,Leasehold,False,130000,Morley Mills,Morley Street,Daybrook,Nottingham,12,NG5 6JL
"12, Morley Mills, Morley Street, Daybrook, Nottingham, Nottinghamshire NG5 6JL",Flat,"{'imageUrl': '/spw/images/placeholder/no-image.svg', 'mediumImageUrl': '/spw/images/placeholder/no-image.svg', 'count': 0}",False,"{'lat': 52.99703, 'lng': -1.13713}",https://www.rightmove.co.uk/house-prices/details/england-88502172?s=dc97fa8ff61fbfd3418b07627ab6b2157547b5d514722439062f2b61054cbd43,"£137,000",21 Apr 2006,Leasehold,False,137000,Morley Mills,Morley Street,Daybrook,Nottingham,12,NG5 6JL
"12, Morley Mills, Morley Street, Daybrook, Nottingham, Nottinghamshire NG5 6JL",Flat,"{'imageUrl': '/spw/images/placeholder/no-image.svg', 'mediumImageUrl': '/spw/images/placeholder/no-image.svg', 'count': 0}",False,"{'lat': 52.99703, 'lng': -1.13713}",https://www.rightmove.co.uk/house-prices/details/england-88502172?s=dc97fa8ff61fbfd3418b07627ab6b2157547b5d514722439062f2b61054cbd43,"£119,000",16 Nov 2004,Leasehold,False,119000,Morley Mills,Morley Street,Daybrook,Nottingham,12,NG5 6JL
"12, Morley Mills, Morley Street, Daybrook, Nottingham, Nottinghamshire NG5 6JL",Flat,"{'imageUrl': '/spw/images/placeholder/no-image.svg', 'mediumImageUrl': '/spw/images/placeholder/no-image.svg', 'count': 0}",False,"{'lat': 52.99703, 'lng': -1.13713}",https://www.rightmove.co.uk/house-prices/details/england-88502172?s=dc97fa8ff61fbfd3418b07627ab6b2157547b5d514722439062f2b61054cbd43,"£120,000",19 Jun 2001,Leasehold,False,120000,Morley Mills,Morley Street,Daybrook,Nottingham,12,NG5 6JL
"61, Morley Mills, Morley Street, Daybrook, Nottingham, Nottinghamshire NG5 6JL",Flat,"{'imageUrl': '/spw/images/placeholder/no-image.svg', 'mediumImageUrl': '/spw/images/placeholder/no-image.svg', 'count': 0}",False,"{'lat': 52.99703, 'lng': -1.13713}",https://www.rightmove.co.uk/house-prices/details/england-4319110?s=82024929c5eb57d12bf4c60cb5088e731ab924f5ecefefc23c177de7a7b4b0f5,"£165,000",8 Apr 2016,Leasehold,False,165000,Morley Mills,Morley Street,Daybrook,Nottingham,61,NG5 6JL
"61, Morley Mills, Morley Street, Daybrook, Nottingham, Nottinghamshire NG5 6JL",Flat,"{'imageUrl': '/spw/images/placeholder/no-image.svg', 'mediumImageUrl': '/spw/images/placeholder/no-image.svg', 'count': 0}",False,"{'lat': 52.99703, 'lng': -1.13713}",https://www.rightmove.co.uk/house-prices/details/england-4319110?s=82024929c5eb57d12bf4c60cb5088e731ab924f5ecefefc23c177de7a7b4b0f5,"£164,000",4 Feb 2005,Leasehold,False,164000,Morley Mills,Morley Street,Daybrook,Nottingham,61,NG5 6JL
"61, Morley Mills, Morley Street, Daybrook, Nottingham, Nottinghamshire NG5 6JL",Flat,"{'imageUrl': '/spw/images/placeholder/no-image.svg', 'mediumImageUrl': '/spw/images/placeholder/no-image.svg', 'count': 0}",False,"{'lat': 52.99703, 'lng': -1.13713}",https://www.rightmove.co.uk/house-prices/details/england-4319110?s=82024929c5eb57d12bf4c60cb5088e731ab924f5ecefefc23c177de7a7b4b0f5,"£132,500",14 Mar 2002,Leasehold,True,132500,Morley Mills,Morley Street,Daybrook,Nottingham,61,NG5 6JL
"21, Morley Mills, Morley Street, Daybrook, Nottingham, Nottinghamshire NG5 6JL",Flat,"{'imageUrl': '/spw/images/placeholder/no-image.svg', 'mediumImageUrl': '/spw/images/placeholder/no-image.svg', 'count': 0}",False,"{'lat': 52.99703, 'lng': -1.13713}",https://www.rightmove.co.uk/house-prices/details/england-88223187?s=ce44608732ec528bfcf80e0256f5965080f4cadfb53ce9c40a3c75ea8dccc1f5,"£92,500",31 Mar 2016,Leasehold,False,92500,Morley Mills,Morley Street,Daybrook,Nottingham,21,NG5 6JL
"21, Morley Mills, Morley Street, Daybrook, Nottingham, Nottinghamshire NG5 6JL",Flat,"{'imageUrl': '/spw/images/placeholder/no-image.svg', 'mediumImageUrl': '/spw/images/placeholder/no-image.svg', 'count': 0}",False,"{'lat': 52.99703, 'lng': -1.13713}",https://www.rightmove.co.uk/house-prices/details/england-88223187?s=ce44608732ec528bfcf80e0256f5965080f4cadfb53ce9c40a3c75ea8dccc1f5,"£100,000",13 Dec 2001,Leasehold,False,100000,Morley Mills,Morley Street,Daybrook,Nottingham,21,NG5 6JL
"33, Morley Mills, Morley Street, Daybrook, Nottingham, Nottinghamshire NG5 6JL",Flat,"{'imageUrl': '/spw/images/placeholder/no-image.svg', 'mediumImageUrl': '/spw/images/placeholder/no-image.svg', 'count': 0}",False,"{'lat': 52.99703, 'lng': -1.13713}",https://www.rightmove.co.uk/house-prices/details/england-4319107?s=18cf3882b11412378e9101a7f4be181ff4cbff17bd6d5f11912fd4040a90d841,"£115,300",24 Mar 2016,Leasehold,False,115300,Morley Mills,Morley Street,Daybrook,Nottingham,33,NG5 6JL
"33, Morley Mills, Morley Street, Daybrook, Nottingham, Nottinghamshire NG5 6JL",Flat,"{'imageUrl': '/spw/images/placeholder/no-image.svg', 'mediumImageUrl': '/spw/images/placeholder/no-image.svg', 'count': 0}",False,"{'lat': 52.99703, 'lng': -1.13713}",https://www.rightmove.co.uk/house-prices/details/england-4319107?s=18cf3882b11412378e9101a7f4be181ff4cbff17bd6d5f11912fd4040a90d841,"£110,000",3 Jun 2009,Leasehold,False,110000,Morley Mills,Morley Street,Daybrook,Nottingham,33,NG5 6JL
"33, Morley Mills, Morley Street, Daybrook, Nottingham, Nottinghamshire NG5 6JL",Flat,"{'imageUrl': '/spw/images/placeholder/no-image.svg', 'mediumImageUrl': '/spw/images/placeholder/no-image.svg', 'count': 0}",False,"{'lat': 52.99703, 'lng': -1.13713}",https://www.rightmove.co.uk/house-prices/details/england-4319107?s=18cf3882b11412378e9101a7f4be181ff4cbff17bd6d5f11912fd4040a90d841,"£128,000",30 Sep 2005,Leasehold,False,128000,Morley Mills,Morley Street,Daybrook,Nottingham,33,NG5 6JL
"33, Morley Mills, Morley Street, Daybrook, Nottingham, Nottinghamshire NG5 6JL",Flat,"{'imageUrl': '/spw/images/placeholder/no-image.svg', 'mediumImageUrl': '/spw/images/placeholder/no-image.svg', 'count': 0}",False,"{'lat': 52.99703, 'lng': -1.13713}",https://www.rightmove.co.uk/house-prices/details/england-4319107?s=18cf3882b11412378e9101a7f4be181ff4cbff17bd6d5f11912fd4040a90d841,"£95,000",26 Jun 2001,Leasehold,False,95000,Morley Mills,Morley Street,Daybrook,Nottingham,33,NG5 6JL
"25, Morley Mills, Morley Street, Daybrook, Nottingham, Nottinghamshire NG5 6JL",Flat,"{'imageUrl': '/spw/images/placeholder/no-image.svg', 'mediumImageUrl': '/spw/images/placeholder/no-image.svg', 'count': 0}",False,"{'lat': 52.99703, 'lng': -1.13713}",https://www.rightmove.co.uk/house-prices/details/england-60026850?s=899be06f10b6d8a9c8a5000163c07ff2eae3a3f361f1bb7db5e57f9fdb6b77a9,"£110,500",17 Jul 2015,Leasehold,False,110500,Morley Mills,Morley Street,Daybrook,Nottingham,25,NG5 6JL
"25, Morley Mills, Morley Street, Daybrook, Nottingham, Nottinghamshire NG5 6JL",Flat,"{'imageUrl': '/spw/images/placeholder/no-image.svg', 'mediumImageUrl': '/spw/images/placeholder/no-image.svg', 'count': 0}",False,"{'lat': 52.99703, 'lng': -1.13713}",https://www.rightmove.co.uk/house-prices/details/england-60026850?s=899be06f10b6d8a9c8a5000163c07ff2eae3a3f361f1bb7db5e57f9fdb6b77a9,"£128,500",31 Oct 2003,Leasehold,False,128500,Morley Mills,Morley Street,Daybrook,Nottingham,25,NG5 6JL
"25, Morley Mills, Morley Street, Daybrook, Nottingham, Nottinghamshire NG5 6JL",Flat,"{'imageUrl': '/spw/images/placeholder/no-image.svg', 'mediumImageUrl': '/spw/images/placeholder/no-image.svg', 'count': 0}",False,"{'lat': 52.99703, 'lng': -1.13713}",https://www.rightmove.co.uk/house-prices/details/england-60026850?s=899be06f10b6d8a9c8a5000163c07ff2eae3a3f361f1bb7db5e57f9fdb6b77a9,"£75,000",25 Jun 2001,Leasehold,True,75000,Morley Mills,Morley Street,Daybrook,Nottingham,25,NG5 6JL
"37, Morley Mills, Morley Street, Daybrook, Nottingham, Nottinghamshire NG5 6JL",Flat,"{'imageUrl': '/spw/images/placeholder/no-image.svg', 'mediumImageUrl': '/spw/images/placeholder/no-image.svg', 'count': 0}",False,"{'lat': 52.99703, 'lng': -1.13713}",https://www.rightmove.co.uk/house-prices/details/england-60026847?s=43e9f2502301e4064683d2a824bcb6533fc96b9602ca8fbd87ec6875cdd237c3,"£124,950",26 Jun 2015,Leasehold,False,124950,Morley Mills,Morley Street,Daybrook,Nottingham,37,NG5 6JL
"37, Morley Mills, Morley Street, Daybrook, Nottingham, Nottinghamshire NG5 6JL",Flat,"{'imageUrl': '/spw/images/placeholder/no-image.svg', 'mediumImageUrl': '/spw/images/placeholder/no-image.svg', 'count': 0}",False,"{'lat': 52.99703, 'lng': -1.13713}",https://www.rightmove.co.uk/house-prices/details/england-60026847?s=43e9f2502301e4064683d2a824bcb6533fc96b9602ca8fbd87ec6875cdd237c3,"£123,000",26 Feb 2010,Leasehold,False,123000,Morley Mills,Morley Street,Daybrook,Nottingham,37,NG5 6JL
"37, Morley Mills, Morley Street, Daybrook, Nottingham, Nottinghamshire NG5 6JL",Flat,"{'imageUrl': '/spw/images/placeholder/no-image.svg', 'mediumImageUrl': '/spw/images/placeholder/no-image.svg', 'count': 0}",False,"{'lat': 52.99703, 'lng': -1.13713}",https://www.rightmove.co.uk/house-prices/details/england-60026847?s=43e9f2502301e4064683d2a824bcb6533fc96b9602ca8fbd87ec6875cdd237c3,"£143,500",4 Aug 2006,Leasehold,False,143500,Morley Mills,Morley Street,Daybrook,Nottingham,37,NG5 6JL
"37, Morley Mills, Morley Street, Daybrook, Nottingham, Nottinghamshire NG5 6JL",Flat,"{'imageUrl': '/spw/images/placeholder/no-image.svg', 'mediumImageUrl': '/spw/images/placeholder/no-image.svg', 'count': 0}",False,"{'lat': 52.99703, 'lng': -1.13713}",https://www.rightmove.co.uk/house-prices/details/england-60026847?s=43e9f2502301e4064683d2a824bcb6533fc96b9602ca8fbd87ec6875cdd237c3,"£136,000",22 Jul 2005,Leasehold,False,136000,Morley Mills,Morley Street,Daybrook,Nottingham,37,NG5 6JL
"37, Morley Mills, Morley Street, Daybrook, Nottingham, Nottinghamshire NG5 6JL",Flat,"{'imageUrl': '/spw/images/placeholder/no-image.svg', 'mediumImageUrl': '/spw/images/placeholder/no-image.svg', 'count': 0}",False,"{'lat': 52.99703, 'lng': -1.13713}",https://www.rightmove.co.uk/house-prices/details/england-60026847?s=43e9f2502301e4064683d2a824bcb6533fc96b9602ca8fbd87ec6875cdd237c3,"£116,500",20 Jun 2001,Leasehold,False,116500,Morley Mills,Morley Street,Daybrook,Nottingham,37,NG5 6JL
"49, Morley Mills, Morley Street, Daybrook, Nottingham, Nottinghamshire NG5 6JL",Flat,"{'imageUrl': '/spw/images/placeholder/no-image.svg', 'mediumImageUrl': '/spw/images/placeholder/no-image.svg', 'count': 0}",False,"{'lat': 52.99703, 'lng': -1.13713}",https://www.rightmove.co.uk/house-prices/details/england-60026835?s=5b71764b18c3a00918d23439696888d089a0fc71daade30728a0972250c07d04,"£109,500",23 Feb 2015,Leasehold,False,109500,Morley Mills,Morley Street,Daybrook,Nottingham,49,NG5 6JL
"49, Morley Mills, Morley Street, Daybrook, Nottingham, Nottinghamshire NG5 6JL",Flat,"{'imageUrl': '/spw/images/placeholder/no-image.svg', 'mediumImageUrl': '/spw/images/placeholder/no-image.svg', 'count': 0}",False,"{'lat': 52.99703, 'lng': -1.13713}",https://www.rightmove.co.uk/house-prices/details/england-60026835?s=5b71764b18c3a00918d23439696888d089a0fc71daade30728a0972250c07d04,"£122,000",21 Mar 2003,Leasehold,False,122000,Morley Mills,Morley Street,Daybrook,Nottingham,49,NG5 6JL
"49, Morley Mills, Morley Street, Daybrook, Nottingham, Nottinghamshire NG5 6JL",Flat,"{'imageUrl': '/spw/images/placeholder/no-image.svg', 'mediumImageUrl': '/spw/images/placeholder/no-image.svg', 'count': 0}",False,"{'lat': 52.99703, 'lng': -1.13713}",https://www.rightmove.co.uk/house-prices/details/england-60026835?s=5b71764b18c3a00918d23439696888d089a0fc71daade30728a0972250c07d04,"£85,000",26 Sep 2001,Leasehold,False,85000,Morley Mills,Morley Street,Daybrook,Nottingham,49,NG5 6JL
"32, Morley Mills, Morley Street, Daybrook, Nottingham, Nottinghamshire NG5 6JL",Flat,"{'imageUrl': '/spw/images/placeholder/no-image.svg', 'mediumImageUrl': '/spw/images/placeholder/no-image.svg', 'count': 0}",False,"{'lat': 52.99703, 'lng': -1.13713}",https://www.rightmove.co.uk/house-prices/details/england-60026832?s=22ef0f976a50614a87914cf78e3b6565db63c47fba0b4e768529c8e46de2f207,"£115,000",16 Feb 2015,Leasehold,False,115000,Morley Mills,Morley Street,Daybrook,Nottingham,32,NG5 6JL
"32, Morley Mills, Morley Street, Daybrook, Nottingham, Nottinghamshire NG5 6JL",Flat,"{'imageUrl': '/spw/images/placeholder/no-image.svg', 'mediumImageUrl': '/spw/images/placeholder/no-image.svg', 'count': 0}",False,"{'lat': 52.99703, 'lng': -1.13713}",https://www.rightmove.co.uk/house-prices/details/england-60026832?s=22ef0f976a50614a87914cf78e3b6565db63c47fba0b4e768529c8e46de2f207,"£75,000",28 Jun 2001,Leasehold,False,75000,Morley Mills,Morley Street,Daybrook,Nottingham,32,NG5 6JL
"60, Morley Mills, Morley Street, Daybrook, Nottingham, Nottinghamshire NG5 6JL",Flat,"{'imageUrl': '/spw/images/placeholder/no-image.svg', 'mediumImageUrl': '/spw/images/placeholder/no-image.svg', 'count': 0}",False,"{'lat': 52.99703, 'lng': -1.13713}",https://www.rightmove.co.uk/house-prices/details/england-60026823?s=958ad7cec490bf72056272e74a4c8aaaed1241d60099b2a85ce0b26aa038e3e6,"£123,500",12 Dec 2014,Leasehold,False,123500,Morley Mills,Morley Street,Daybrook,Nottingham,60,NG5 6JL
"60, Morley Mills, Morley Street, Daybrook, Nottingham, Nottinghamshire NG5 6JL",Flat,"{'imageUrl': '/spw/images/placeholder/no-image.svg', 'mediumImageUrl': '/spw/images/placeholder/no-image.svg', 'count': 0}",False,"{'lat': 52.99703, 'lng': -1.13713}",https://www.rightmove.co.uk/house-prices/details/england-60026823?s=958ad7cec490bf72056272e74a4c8aaaed1241d60099b2a85ce0b26aa038e3e6,"£137,000",10 May 2002,Leasehold,False,137000,Morley Mills,Morley Street,Daybrook,Nottingham,60,NG5 6JL
"23, Morley Mills, Morley Street, Daybrook, Nottingham, Nottinghamshire NG5 6JL",Flat,"{'imageUrl': '/spw/images/placeholder/no-image.svg', 'mediumImageUrl': '/spw/images/placeholder/no-image.svg', 'count': 0}",False,"{'lat': 52.99703, 'lng': -1.13713}",https://www.rightmove.co.uk/house-prices/details/england-60026811?s=80aec6a4c7b4f6ebf98985b17ce0feba5c17b18ea77fe716e50f45a953d6e8b4,"£112,500",2 Dec 2013,Leasehold,False,112500,Morley Mills,Morley Street,Daybrook,Nottingham,23,NG5 6JL
"23, Morley Mills, Morley Street, Daybrook, Nottingham, Nottinghamshire NG5 6JL",Flat,"{'imageUrl': '/spw/images/placeholder/no-image.svg', 'mediumImageUrl': '/spw/images/placeholder/no-image.svg', 'count': 0}",False,"{'lat': 52.99703, 'lng': -1.13713}",https://www.rightmove.co.uk/house-prices/details/england-60026811?s=80aec6a4c7b4f6ebf98985b17ce0feba5c17b18ea77fe716e50f45a953d6e8b4,"£97,500",14 Sep 2001,Leasehold,True,97500,Morley Mills,Morley Street,Daybrook,Nottingham,23,NG5 6JL
"63, Morley Mills, Morley Street, Daybrook, Nottingham, Nottinghamshire NG5 6JL",Flat,"{'imageUrl': '/spw/images/placeholder/no-image.svg', 'mediumImageUrl': '/spw/images/placeholder/no-image.svg', 'count': 0}",False,"{'lat': 52.99703, 'lng': -1.13713}",https://www.rightmove.co.uk/house-prices/details/england-60026805?s=75391f436d32465926e2bfa8d396beddb860e8a7bd476b92f7855d72bec78598,"£139,500",14 Jun 2013,Leasehold,False,139500,Morley Mills,Morley Street,Daybrook,Nottingham,63,NG5 6JL
"63, Morley Mills, Morley Street, Daybrook, Nottingham, Nottinghamshire NG5 6JL",Flat,"{'imageUrl': '/spw/images/placeholder/no-image.svg', 'mediumImageUrl': '/spw/images/placeholder/no-image.svg', 'count': 0}",False,"{'lat': 52.99703, 'lng': -1.13713}",https://www.rightmove.co.uk/house-prices/details/england-60026805?s=75391f436d32465926e2bfa8d396beddb860e8a7bd476b92f7855d72bec78598,"£169,995",28 May 2004,Leasehold,False,169995,Morley Mills,Morley Street,Daybrook,Nottingham,63,NG5 6JL
"63, Morley Mills, Morley Street, Daybrook, Nottingham, Nottinghamshire NG5 6JL",Flat,"{'imageUrl': '/spw/images/placeholder/no-image.svg', 'mediumImageUrl': '/spw/images/placeholder/no-image.svg', 'count': 0}",False,"{'lat': 52.99703, 'lng': -1.13713}",https://www.rightmove.co.uk/house-prices/details/england-60026805?s=75391f436d32465926e2bfa8d396beddb860e8a7bd476b92f7855d72bec78598,"£125,000",26 Apr 2002,Leasehold,False,125000,Morley Mills,Morley Street,Daybrook,Nottingham,63,NG5 6JL
"58, Morley Mills, Morley Street, Daybrook, Nottingham, Nottinghamshire NG5 6JL",Flat,"{'imageUrl': '/spw/images/placeholder/no-image.svg', 'mediumImageUrl': '/spw/images/placeholder/no-image.svg', 'count': 0}",False,"{'lat': 52.99703, 'lng': -1.13713}",https://www.rightmove.co.uk/house-prices/details/england-60026802?s=beea5182df2a20e0a78ae2835fbfde4306f6dcec440247872242a31743651560,"£125,000",12 Jun 2013,Leasehold,False,125000,Morley Mills,Morley Street,Daybrook,Nottingham,58,NG5 6JL
"58, Morley Mills, Morley Street, Daybrook, Nottingham, Nottinghamshire NG5 6JL",Flat,"{'imageUrl': '/spw/images/placeholder/no-image.svg', 'mediumImageUrl': '/spw/images/placeholder/no-image.svg', 'count': 0}",False,"{'lat': 52.99703, 'lng': -1.13713}",https://www.rightmove.co.uk/house-prices/details/england-60026802?s=beea5182df2a20e0a78ae2835fbfde4306f6dcec440247872242a31743651560,"£129,950",14 Jun 2002,Leasehold,False,129950,Morley Mills,Morley Street,Daybrook,Nottingham,58,NG5 6JL
"53, Morley Mills, Morley Street, Daybrook, Nottingham, Nottinghamshire NG5 6JL",Flat,"{'imageUrl': '/spw/images/placeholder/no-image.svg', 'mediumImageUrl': '/spw/images/placeholder/no-image.svg', 'count': 0}",False,"{'lat': 52.99703, 'lng': -1.13713}",https://www.rightmove.co.uk/house-prices/details/england-60026799?s=1449ee3a7406d5738b6029e57a90ba440cfdf975bf1e277f0305bf31cdadd677,"£87,500",22 Mar 2013,Leasehold,False,87500,Morley Mills,Morley Street,Daybrook,Nottingham,53,NG5 6JL
"53, Morley Mills, Morley Street, Daybrook, Nottingham, Nottinghamshire NG5 6JL",Flat,"{'imageUrl': '/spw/images/placeholder/no-image.svg', 'mediumImageUrl': '/spw/images/placeholder/no-image.svg', 'count': 0}",False,"{'lat': 52.99703, 'lng': -1.13713}",https://www.rightmove.co.uk/house-prices/details/england-60026799?s=1449ee3a7406d5738b6029e57a90ba440cfdf975bf1e277f0305bf31cdadd677,"£117,950",27 Jun 2005,Leasehold,False,117950,Morley Mills,Morley Street,Daybrook,Nottingham,53,NG5 6JL
"1, Morley Mills, Morley Street, Daybrook, Nottingham, Nottinghamshire NG5 6JL",Flat,"{'imageUrl': '/spw/images/placeholder/no-image.svg', 'mediumImageUrl': '/spw/images/placeholder/no-image.svg', 'count': 0}",False,"{'lat': 52.99703, 'lng': -1.13713}",https://www.rightmove.co.uk/house-prices/details/england-60026790?s=7d68064cddc3284733030e632226313daeea188d928dd2509c2d7238032766f5,"£113,500",12 Sep 2012,Leasehold,False,113500,Morley Mills,Morley Street,Daybrook,Nottingham,1,NG5 6JL
"1, Morley Mills, Morley Street, Daybrook, Nottingham, Nottinghamshire NG5 6JL",Flat,"{'imageUrl': '/spw/images/placeholder/no-image.svg', 'mediumImageUrl': '/spw/images/placeholder/no-image.svg', 'count': 0}",False,"{'lat': 52.99703, 'lng': -1.13713}",https://www.rightmove.co.uk/house-prices/details/england-60026790?s=7d68064cddc3284733030e632226313daeea188d928dd2509c2d7238032766f5,"£125,000",18 May 2004,Leasehold,False,125000,Morley Mills,Morley Street,Daybrook,Nottingham,1,NG5 6JL
"1, Morley Mills, Morley Street, Daybrook, Nottingham, Nottinghamshire NG5 6JL",Flat,"{'imageUrl': '/spw/images/placeholder/no-image.svg', 'mediumImageUrl': '/spw/images/placeholder/no-image.svg', 'count': 0}",False,"{'lat': 52.99703, 'lng': -1.13713}",https://www.rightmove.co.uk/house-prices/details/england-60026790?s=7d68064cddc3284733030e632226313daeea188d928dd2509c2d7238032766f5,"£102,000",31 Aug 2001,Leasehold,True,102000,Morley Mills,Morley Street,Daybrook,Nottingham,1,NG5 6JL
"16, Morley Mills, Morley Street, Daybrook, Nottingham, Nottinghamshire NG5 6JL",Flat,"{'imageUrl': '/spw/images/placeholder/no-image.svg', 'mediumImageUrl': '/spw/images/placeholder/no-image.svg', 'count': 0}",False,"{'lat': 52.99703, 'lng': -1.13713}",https://www.rightmove.co.uk/house-prices/details/england-60026784?s=39eb00297257da9b0dc18b4ce102c00faca7b0934c6bae4926996ac47b3a506e,"£124,000",27 Jan 2012,Leasehold,False,124000,Morley Mills,Morley Street,Daybrook,Nottingham,16,NG5 6JL
"16, Morley Mills, Morley Street, Daybrook, Nottingham, Nottinghamshire NG5 6JL",Flat,"{'imageUrl': '/spw/images/placeholder/no-image.svg', 'mediumImageUrl': '/spw/images/placeholder/no-image.svg', 'count': 0}",False,"{'lat': 52.99703, 'lng': -1.13713}",https://www.rightmove.co.uk/house-prices/details/england-60026784?s=39eb00297257da9b0dc18b4ce102c00faca7b0934c6bae4926996ac47b3a506e,"£137,500",24 Feb 2006,Leasehold,False,137500,Morley Mills,Morley Street,Daybrook,Nottingham,16,NG5 6JL
"16, Morley Mills, Morley Street, Daybrook, Nottingham, Nottinghamshire NG5 6JL",Flat,"{'imageUrl': '/spw/images/placeholder/no-image.svg', 'mediumImageUrl': '/spw/images/placeholder/no-image.svg', 'count': 0}",False,"{'lat': 52.99703, 'lng': -1.13713}",https://www.rightmove.co.uk/house-prices/details/england-60026784?s=39eb00297257da9b0dc18b4ce102c00faca7b0934c6bae4926996ac47b3a506e,"£128,500",16 Apr 2004,Leasehold,False,128500,Morley Mills,Morley Street,Daybrook,Nottingham,16,NG5 6JL
"16, Morley Mills, Morley Street, Daybrook, Nottingham, Nottinghamshire NG5 6JL",Flat,"{'imageUrl': '/spw/images/placeholder/no-image.svg', 'mediumImageUrl': '/spw/images/placeholder/no-image.svg', 'count': 0}",False,"{'lat': 52.99703, 'lng': -1.13713}",https://www.rightmove.co.uk/house-prices/details/england-60026784?s=39eb00297257da9b0dc18b4ce102c00faca7b0934c6bae4926996ac47b3a506e,"£120,000",6 Dec 2001,Leasehold,False,120000,Morley Mills,Morley Street,Daybrook,Nottingham,16,NG5 6JL
"22, Morley Mills, Morley Street, Daybrook, Nottingham, Nottinghamshire NG5 6JL",Flat,"{'imageUrl': '/spw/images/placeholder/no-image.svg', 'mediumImageUrl': '/spw/images/placeholder/no-image.svg', 'count': 0}",False,"{'lat': 52.99703, 'lng': -1.13713}",https://www.rightmove.co.uk/house-prices/details/england-60026781?s=6a54001aecf79506e6dc1fdf588fc3296b338d940c7f515bd68233fc784579d5,"£138,500",19 Jan 2012,Leasehold,False,138500,Morley Mills,Morley Street,Daybrook,Nottingham,22,NG5 6JL
"22, Morley Mills, Morley Street, Daybrook, Nottingham, Nottinghamshire NG5 6JL",Flat,"{'imageUrl': '/spw/images/placeholder/no-image.svg', 'mediumImageUrl': '/spw/images/placeholder/no-image.svg', 'count': 0}",False,"{'lat': 52.99703, 'lng': -1.13713}",https://www.rightmove.co.uk/house-prices/details/england-60026781?s=6a54001aecf79506e6dc1fdf588fc3296b338d940c7f515bd68233fc784579d5,"£125,000",5 Oct 2010,Leasehold,False,125000,Morley Mills,Morley Street,Daybrook,Nottingham,22,NG5 6JL
"22, Morley Mills, Morley Street, Daybrook, Nottingham, Nottinghamshire NG5 6JL",Flat,"{'imageUrl': '/spw/images/placeholder/no-image.svg', 'mediumImageUrl': '/spw/images/placeholder/no-image.svg', 'count': 0}",False,"{'lat': 52.99703, 'lng': -1.13713}",https://www.rightmove.co.uk/house-prices/details/england-60026781?s=6a54001aecf79506e6dc1fdf588fc3296b338d940c7f515bd68233fc784579d5,"£142,000",29 Oct 2004,Leasehold,False,142000,Morley Mills,Morley Street,Daybrook,Nottingham,22,NG5 6JL
"22, Morley Mills, Morley Street, Daybrook, Nottingham, Nottinghamshire NG5 6JL",Flat,"{'imageUrl': '/spw/images/placeholder/no-image.svg', 'mediumImageUrl': '/spw/images/placeholder/no-image.svg', 'count': 0}",False,"{'lat': 52.99703, 'lng': -1.13713}",https://www.rightmove.co.uk/house-prices/details/england-60026781?s=6a54001aecf79506e6dc1fdf588fc3296b338d940c7f515bd68233fc784579d5,"£115,000",20 Dec 2001,Leasehold,False,115000,Morley Mills,Morley Street,Daybrook,Nottingham,22,NG5 6JL
"3, Morley Mills, Morley Street, Daybrook, Nottingham, Nottinghamshire NG5 6JL",Flat,"{'imageUrl': '/spw/images/placeholder/no-image.svg', 'mediumImageUrl': '/spw/images/placeholder/no-image.svg', 'count': 0}",False,"{'lat': 52.99703, 'lng': -1.13713}",https://www.rightmove.co.uk/house-prices/details/england-60026751?s=bfae49ef5b678974c3bf22250de9635a2678c6ba94a73c686e198e882bd28342,"£110,000",16 May 2008,Leasehold,False,110000,Morley Mills,Morley Street,Daybrook,Nottingham,3,NG5 6JL
"3, Morley Mills, Morley Street, Daybrook, Nottingham, Nottinghamshire NG5 6JL",Flat,"{'imageUrl': '/spw/images/placeholder/no-image.svg', 'mediumImageUrl': '/spw/images/placeholder/no-image.svg', 'count': 0}",False,"{'lat': 52.99703, 'lng': -1.13713}",https://www.rightmove.co.uk/house-prices/details/england-60026751?s=bfae49ef5b678974c3bf22250de9635a2678c6ba94a73c686e198e882bd28342,"£119,950",31 Jul 2003,Leasehold,False,119950,Morley Mills,Morley Street,Daybrook,Nottingham,3,NG5 6JL
"3, Morley Mills, Morley Street, Daybrook, Nottingham, Nottinghamshire NG5 6JL",Flat,"{'imageUrl': '/spw/images/placeholder/no-image.svg', 'mediumImageUrl': '/spw/images/placeholder/no-image.svg', 'count': 0}",False,"{'lat': 52.99703, 'lng': -1.13713}",https://www.rightmove.co.uk/house-prices/details/england-60026751?s=bfae49ef5b678974c3bf22250de9635a2678c6ba94a73c686e198e882bd28342,"£100,000",24 Sep 2001,Leasehold,False,100000,Morley Mills,Morley Street,Daybrook,Nottingham,3,NG5 6JL
"6, Morley Mills, Morley Street, Daybrook, Nottingham, Nottinghamshire NG5 6JL",Flat,"{'imageUrl': '/spw/images/placeholder/no-image.svg', 'mediumImageUrl': '/spw/images/placeholder/no-image.svg', 'count': 0}",False,"{'lat': 52.99703, 'lng': -1.13713}",https://www.rightmove.co.uk/house-prices/details/england-60026745?s=7bd92f7cbb206c2a0cf30f121e09b6b1c3c8e37e030ce19a20bf0bb95946df7d,"£137,000",19 Oct 2007,Leasehold,False,137000,Morley Mills,Morley Street,Daybrook,Nottingham,6,NG5 6JL
"6, Morley Mills, Morley Street, Daybrook, Nottingham, Nottinghamshire NG5 6JL",Flat,"{'imageUrl': '/spw/images/placeholder/no-image.svg', 'mediumImageUrl': '/spw/images/placeholder/no-image.svg', 'count': 0}",False,"{'lat': 52.99703, 'lng': -1.13713}",https://www.rightmove.co.uk/house-prices/details/england-60026745?s=7bd92f7cbb206c2a0cf30f121e09b6b1c3c8e37e030ce19a20bf0bb95946df7d,"£110,000",28 Jun 2001,Leasehold,False,110000,Morley Mills,Morley Street,Daybrook,Nottingham,6,NG5 6JL
"57, Morley Mills, Morley Street, Daybrook, Nottingham, Nottinghamshire NG5 6JL",Flat,"{'imageUrl': '/spw/images/placeholder/no-image.svg', 'mediumImageUrl': '/spw/images/placeholder/no-image.svg', 'count': 0}",False,"{'lat': 52.99703, 'lng': -1.13713}",https://www.rightmove.co.uk/house-prices/details/england-60026742?s=8a99f535cc6cf2e2e4f32c587f958900995de573d6393f226f758f8f5e156936,"£150,000",6 Jul 2007,Leasehold,False,150000,Morley Mills,Morley Street,Daybrook,Nottingham,57,NG5 6JL
"57, Morley Mills, Morley Street, Daybrook, Nottingham, Nottinghamshire NG5 6JL",Flat,"{'imageUrl': '/spw/images/placeholder/no-image.svg', 'mediumImageUrl': '/spw/images/placeholder/no-image.svg', 'count': 0}",False,"{'lat': 52.99703, 'lng': -1.13713}",https://www.rightmove.co.uk/house-prices/details/england-60026742?s=8a99f535cc6cf2e2e4f32c587f958900995de573d6393f226f758f8f5e156936,"£142,500",5 Apr 2002,Leasehold,False,142500,Morley Mills,Morley Street,Daybrook,Nottingham,57,NG5 6JL
"51, Morley Mills, Morley Street, Daybrook, Nottingham, Nottinghamshire NG5 6JL",Flat,"{'imageUrl': '/spw/images/placeholder/no-image.svg', 'mediumImageUrl': '/spw/images/placeholder/no-image.svg', 'count': 0}",False,"{'lat': 52.99703, 'lng': -1.13713}",https://www.rightmove.co.uk/house-prices/details/england-60026739?s=b28ee0175f279176c0eefe031e5c45b58fb2e97c3069fc1ed7b39b1cc7fdcdf0,"£125,000",30 May 2007,Leasehold,False,125000,Morley Mills,Morley Street,Daybrook,Nottingham,51,NG5 6JL
"51, Morley Mills, Morley Street, Daybrook, Nottingham, Nottinghamshire NG5 6JL",Flat,"{'imageUrl': '/spw/images/placeholder/no-image.svg', 'mediumImageUrl': '/spw/images/placeholder/no-image.svg', 'count': 0}",False,"{'lat': 52.99703, 'lng': -1.13713}",https://www.rightmove.co.uk/house-prices/details/england-60026739?s=b28ee0175f279176c0eefe031e5c45b58fb2e97c3069fc1ed7b39b1cc7fdcdf0,"£95,000",19 Sep 2001,Leasehold,False,95000,Morley Mills,Morley Street,Daybrook,Nottingham,51,NG5 6JL
"39, Morley Mills, Morley Street, Daybrook, Nottingham, Nottinghamshire NG5 6JL",Flat,"{'imageUrl': '/spw/images/placeholder/no-image.svg', 'mediumImageUrl': '/spw/images/placeholder/no-image.svg', 'count': 0}",False,"{'lat': 52.99703, 'lng': -1.13713}",https://www.rightmove.co.uk/house-prices/details/england-60026733?s=ff263232030604380ef0e77e6fb904be0eff36ced42cb32c2312c076eb0e702f,"£144,000",10 Oct 2006,Leasehold,False,144000,Morley Mills,Morley Street,Daybrook,Nottingham,39,NG5 6JL
"39, Morley Mills, Morley Street, Daybrook, Nottingham, Nottinghamshire NG5 6JL",Flat,"{'imageUrl': '/spw/images/placeholder/no-image.svg', 'mediumImageUrl': '/spw/images/placeholder/no-image.svg', 'count': 0}",False,"{'lat': 52.99703, 'lng': -1.13713}",https://www.rightmove.co.uk/house-prices/details/england-60026733?s=ff263232030604380ef0e77e6fb904be0eff36ced42cb32c2312c076eb0e702f,"£130,000",9 May 2002,Leasehold,False,130000,Morley Mills,Morley Street,Daybrook,Nottingham,39,NG5 6JL
"41, Morley Mills, Morley Street, Daybrook, Nottingham, Nottinghamshire NG5 6JL",Flat,"{'imageUrl': '/spw/images/placeholder/no-image.svg', 'mediumImageUrl': '/spw/images/placeholder/no-image.svg', 'count': 0}",False,"{'lat': 52.99703, 'lng': -1.13713}",https://www.rightmove.co.uk/house-prices/details/england-60026724?s=baffe9667c41520e4a7c031ce575272d9dcfb916dbc115ed05708964074388e0,"£124,999",12 May 2006,Leasehold,False,124999,Morley Mills,Morley Street,Daybrook,Nottingham,41,NG5 6JL
"41, Morley Mills, Morley Street, Daybrook, Nottingham, Nottinghamshire NG5 6JL",Flat,"{'imageUrl': '/spw/images/placeholder/no-image.svg', 'mediumImageUrl': '/spw/images/placeholder/no-image.svg', 'count': 0}",False,"{'lat': 52.99703, 'lng': -1.13713}",https://www.rightmove.co.uk/house-prices/details/england-60026724?s=baffe9667c41520e4a7c031ce575272d9dcfb916dbc115ed05708964074388e0,"£120,000",28 Jul 2003,Leasehold,False,120000,Morley Mills,Morley Street,Daybrook,Nottingham,41,NG5 6JL
"41, Morley Mills, Morley Street, Daybrook, Nottingham, Nottinghamshire NG5 6JL",Flat,"{'imageUrl': '/spw/images/placeholder/no-image.svg', 'mediumImageUrl': '/spw/images/placeholder/no-image.svg', 'count': 0}",False,"{'lat': 52.99703, 'lng': -1.13713}",https://www.rightmove.co.uk/house-prices/details/england-60026724?s=baffe9667c41520e4a7c031ce575272d9dcfb916dbc115ed05708964074388e0,"£90,000",18 Jun 2001,Leasehold,False,90000,Morley Mills,Morley Street,Daybrook,Nottingham,41,NG5 6JL
"5, Morley Mills, Morley Street, Daybrook, Nottingham, Nottinghamshire NG5 6JL",Flat,"{'imageUrl': '/spw/images/placeholder/no-image.svg', 'mediumImageUrl': '/spw/images/placeholder/no-image.svg', 'count': 0}",False,"{'lat': 52.99703, 'lng': -1.13713}",https://www.rightmove.co.uk/house-prices/details/england-60026721?s=07162dfcbb9d0063c69c672007cdf065eaf105fd649f3fa5e4fc3e84d75157e0,"£144,000",4 May 2006,Leasehold,False,144000,Morley Mills,Morley Street,Daybrook,Nottingham,5,NG5 6JL
"5, Morley Mills, Morley Street, Daybrook, Nottingham, Nottinghamshire NG5 6JL",Flat,"{'imageUrl': '/spw/images/placeholder/no-image.svg', 'mediumImageUrl': '/spw/images/placeholder/no-image.svg', 'count': 0}",False,"{'lat': 52.99703, 'lng': -1.13713}",https://www.rightmove.co.uk/house-prices/details/england-60026721?s=07162dfcbb9d0063c69c672007cdf065eaf105fd649f3fa5e4fc3e84d75157e0,"£110,000",21 Jun 2001,Leasehold,False,110000,Morley Mills,Morley Street,Daybrook,Nottingham,5,NG5 6JL
"46, Morley Mills, Morley Street, Daybrook, Nottingham, Nottinghamshire NG5 6JL",Flat,"{'imageUrl': '/spw/images/placeholder/no-image.svg', 'mediumImageUrl': '/spw/images/placeholder/no-image.svg', 'count': 0}",False,"{'lat': 52.99703, 'lng': -1.13713}",https://www.rightmove.co.uk/house-prices/details/england-60026712?s=5fe56a575d344cd2c1b30f96654f1b94efcb7f29115f891ec6b5427ea2a8a8b4,"£118,800",20 Jan 2006,Leasehold,False,118800,Morley Mills,Morley Street,Daybrook,Nottingham,46,NG5 6JL
"46, Morley Mills, Morley Street, Daybrook, Nottingham, Nottinghamshire NG5 6JL",Flat,"{'imageUrl': '/spw/images/placeholder/no-image.svg', 'mediumImageUrl': '/spw/images/placeholder/no-image.svg', 'count': 0}",False,"{'lat': 52.99703, 'lng': -1.13713}",https://www.rightmove.co.uk/house-prices/details/england-60026712?s=5fe56a575d344cd2c1b30f96654f1b94efcb7f29115f891ec6b5427ea2a8a8b4,"£80,000",18 Sep 2001,Leasehold,False,80000,Morley Mills,Morley Street,Daybrook,Nottingham,46,NG5 6JL
"62, Morley Mills, Morley Street, Daybrook, Nottingham, Nottinghamshire NG5 6JL",Flat,"{'imageUrl': '/spw/images/placeholder/no-image.svg', 'mediumImageUrl': '/spw/images/placeholder/no-image.svg', 'count': 0}",False,"{'lat': 52.99703, 'lng': -1.13713}",https://www.rightmove.co.uk/house-prices/details/england-60026709?s=463a0e9a3e6b1362b79746912e5093babf4986e6bf0857070b4e1a3e115be1bc,"£162,500",18 Nov 2005,Leasehold,False,162500,Morley Mills,Morley Street,Daybrook,Nottingham,62,NG5 6JL
"62, Morley Mills, Morley Street, Daybrook, Nottingham, Nottinghamshire NG5 6JL",Flat,"{'imageUrl': '/spw/images/placeholder/no-image.svg', 'mediumImageUrl': '/spw/images/placeholder/no-image.svg', 'count': 0}",False,"{'lat': 52.99703, 'lng': -1.13713}",https://www.rightmove.co.uk/house-prices/details/england-60026709?s=463a0e9a3e6b1362b79746912e5093babf4986e6bf0857070b4e1a3e115be1bc,"£131,000",12 Apr 2002,Leasehold,True,131000,Morley Mills,Morley Street,Daybrook,Nottingham,62,NG5 6JL
"35, Morley Mills, Morley Street, Daybrook, Nottingham, Nottinghamshire NG5 6JL",Flat,"{'imageUrl': '/spw/images/placeholder/no-image.svg', 'mediumImageUrl': '/spw/images/placeholder/no-image.svg', 'count': 0}",False,"{'lat': 52.99703, 'lng': -1.13713}",https://www.rightmove.co.uk/house-prices/details/england-60026652?s=d69b2b56475c95d2ab6b9501aa7e2686b50e54f358250465bff663e04d5b76ca,"£139,000",9 Jul 2004,Leasehold,False,139000,Morley Mills,Morley Street,Daybrook,Nottingham,35,NG5 6JL
"35, Morley Mills, Morley Street, Daybrook, Nottingham, Nottinghamshire NG5 6JL",Flat,"{'imageUrl': '/spw/images/placeholder/no-image.svg', 'mediumImageUrl': '/spw/images/placeholder/no-image.svg', 'count': 0}",False,"{'lat': 52.99703, 'lng': -1.13713}",https://www.rightmove.co.uk/house-prices/details/england-60026652?s=d69b2b56475c95d2ab6b9501aa7e2686b50e54f358250465bff663e04d5b76ca,"£106,000",4 Feb 2002,Leasehold,False,106000,Morley Mills,Morley Street,Daybrook,Nottingham,35,NG5 6JL
"7, Morley Mills, Morley Street, Daybrook, Nottingham, Nottinghamshire NG5 6JL",Flat,"{'imageUrl': '/spw/images/placeholder/no-image.svg', 'mediumImageUrl': '/spw/images/placeholder/no-image.svg', 'count': 0}",False,"{'lat': 52.99703, 'lng': -1.13713}",https://www.rightmove.co.uk/house-prices/details/england-60026637?s=343e7b78da3d307846ee59d99a53dabb5aaced58204fdbcc51651e9f4c307a7f,"£132,950",27 Apr 2004,Leasehold,False,132950,Morley Mills,Morley Street,Daybrook,Nottingham,7,NG5 6JL
"7, Morley Mills, Morley Street, Daybrook, Nottingham, Nottinghamshire NG5 6JL",Flat,"{'imageUrl': '/spw/images/placeholder/no-image.svg', 'mediumImageUrl': '/spw/images/placeholder/no-image.svg', 'count': 0}",False,"{'lat': 52.99703, 'lng': -1.13713}",https://www.rightmove.co.uk/house-prices/details/england-60026637?s=343e7b78da3d307846ee59d99a53dabb5aaced58204fdbcc51651e9f4c307a7f,"£110,000",21 Jun 2001,Leasehold,True,110000,Morley Mills,Morley Street,Daybrook,Nottingham,7,NG5 6JL
"38, Morley Mills, Morley Street, Daybrook, Nottingham, Nottinghamshire NG5 6JL",Flat,"{'imageUrl': '/spw/images/placeholder/no-image.svg', 'mediumImageUrl': '/spw/images/placeholder/no-image.svg', 'count': 0}",False,"{'lat': 52.99703, 'lng': -1.13713}",https://www.rightmove.co.uk/house-prices/details/england-60026595?s=f7d497c6cff4bae7f406705bb4d00879ddf7a21af701a0f9fa289dcbab35238b,"£110,000",12 Jul 2002,Leasehold,False,110000,Morley Mills,Morley Street,Daybrook,Nottingham,38,NG5 6JL
"38, Morley Mills, Morley Street, Daybrook, Nottingham, Nottinghamshire NG5 6JL",Flat,"{'imageUrl': '/spw/images/placeholder/no-image.svg', 'mediumImageUrl': '/spw/images/placeholder/no-image.svg', 'count': 0}",False,"{'lat': 52.99703, 'lng': -1.13713}",https://www.rightmove.co.uk/house-prices/details/england-60026595?s=f7d497c6cff4bae7f406705bb4d00879ddf7a21af701a0f9fa289dcbab35238b,"£80,000",25 Jun 2001,Leasehold,False,80000,Morley Mills,Morley Street,Daybrook,Nottingham,38,NG5 6JL
"26, Morley Mills, Morley Street, Daybrook, Nottingham, Nottinghamshire NG5 6JL",Flat,"{'imageUrl': '/spw/images/placeholder/no-image.svg', 'mediumImageUrl': '/spw/images/placeholder/no-image.svg', 'count': 0}",False,"{'lat': 52.99703, 'lng': -1.13713}",https://www.rightmove.co.uk/house-prices/details/england-60026583?s=c2771f4087e51e3c30c5d4b484fa980090e05a9be1d43363268e3ce6f9c2c197,"£94,950",24 May 2002,Leasehold,False,94950,Morley Mills,Morley Street,Daybrook,Nottingham,26,NG5 6JL
"26, Morley Mills, Morley Street, Daybrook, Nottingham, Nottinghamshire NG5 6JL",Flat,"{'imageUrl': '/spw/images/placeholder/no-image.svg', 'mediumImageUrl': '/spw/images/placeholder/no-image.svg', 'count': 0}",False,"{'lat': 52.99703, 'lng': -1.13713}",https://www.rightmove.co.uk/house-prices/details/england-60026583?s=c2771f4087e51e3c30c5d4b484fa980090e05a9be1d43363268e3ce6f9c2c197,"£90,000",25 Jun 2001,Leasehold,False,90000,Morley Mills,Morley Street,Daybrook,Nottingham,26,NG5 6JL
"64, Morley Mills, Morley Street, Daybrook, Nottingham, Nottinghamshire NG5 6JL",Flat,"{'imageUrl': '/spw/images/placeholder/no-image.svg', 'mediumImageUrl': '/spw/images/placeholder/no-image.svg', 'count': 0}",False,"{'lat': 52.99703, 'lng': -1.13713}",https://www.rightmove.co.uk/house-prices/details/england-60026562?s=1c78534e447864abe4adab8c82a0c3bb3b002bde59967b2edc8afb9d3c69389f,"£125,000",28 Feb 2002,Leasehold,True,125000,Morley Mills,Morley Street,Daybrook,Nottingham,64,NG5 6JL
"47, Morley Mills, Morley Street, Daybrook, Nottingham, Nottinghamshire NG5 6JL",Flat,"{'imageUrl': '/spw/images/placeholder/no-image.svg', 'mediumImageUrl': '/spw/images/placeholder/no-image.svg', 'count': 0}",False,"{'lat': 52.99703, 'lng': -1.13713}",https://www.rightmove.co.uk/house-prices/details/england-60026505?s=0966b08848d829acc9899e9af64d802235878b5759146bd5201182112bb11754,"£80,000",14 Sep 2001,Leasehold,False,80000,Morley Mills,Morley Street,Daybrook,Nottingham,47,NG5 6JL
"20, Morley Mills, Morley Street, Daybrook, Nottingham, Nottinghamshire NG5 6JL",Flat,"{'imageUrl': '/spw/images/placeholder/no-image.svg', 'mediumImageUrl': '/spw/images/placeholder/no-image.svg', 'count': 0}",False,"{'lat': 52.99703, 'lng': -1.13713}",https://www.rightmove.co.uk/house-prices/details/england-60026484?s=3d288b33919f79523ee19f546d88abe667e0f1db8e809f9229374555c949f63c,"£75,000",29 Jun 2001,Leasehold,True,75000,Morley Mills,Morley Street,Daybrook,Nottingham,20,NG5 6JL
"17, Morley Mills, Morley Street, Daybrook, Nottingham, Nottinghamshire NG5 6JL",Flat,"{'imageUrl': '/spw/images/placeholder/no-image.svg', 'mediumImageUrl': '/spw/images/placeholder/no-image.svg', 'count': 0}",False,"{'lat': 52.99703, 'lng': -1.13713}",https://www.rightmove.co.uk/house-prices/details/england-60026469?s=bb93d75e88bda48d645366264feb667e092d4cea5eb6c83b3ed59b4978f7a88d,"£130,000",29 Jun 2001,Leasehold,False,130000,Morley Mills,Morley Street,Daybrook,Nottingham,17,NG5 6JL
"29, Morley Mills, Morley Street, Daybrook, Nottingham, Nottinghamshire NG5 6JL",Flat,"{'imageUrl': '/spw/images/placeholder/no-image.svg', 'mediumImageUrl': '/spw/images/placeholder/no-image.svg', 'count': 0}",False,"{'lat': 52.99703, 'lng': -1.13713}",https://www.rightmove.co.uk/house-prices/details/england-60026433?s=85dc1140e65880fad69c295d2283ba1097a4124a50f6bdea968efe6927ab0ff2,"£120,000",22 Jun 2001,Leasehold,False,120000,Morley Mills,Morley Street,Daybrook,Nottingham,29,NG5 6JL
"34, Morley Mills, Morley Street, Daybrook, Nottingham, Nottinghamshire NG5 6JL",Flat,"{'imageUrl': '/spw/images/placeholder/no-image.svg', 'mediumImageUrl': '/spw/images/placeholder/no-image.svg', 'count': 0}",False,"{'lat': 52.99703, 'lng': -1.13713}",https://www.rightmove.co.uk/house-prices/details/england-60026409?s=7e6c9237f8f3d068e7a27c54ea6b6b4a9ff2c0df7ae799adbecc7a52a51a92c0,"£85,000",19 Jun 2001,Leasehold,False,85000,Morley Mills,Morley Street,Daybrook,Nottingham,34,NG5 6JL
